df22d3657f1a94c56612f1c983cccb346b455ea60e63c646031eae453f018e4e,4809701904914,Sabrina,Nolan,Female,1984-02-07,312 Eric Expressway Apt. 014,Phenix City,AL,36869,32.4204,-85.0796,59744
eb4597ee363d0ddfd3da0797b795323522eef29253ea39f46d412179aa63f4e2,4239552724014407,Carl,Hernandez,Male,1936-03-27,9134 Darryl Flat Suite 916,Paulding,OH,45879,41.141000000000005,-84.5722,6284
994cc97e19187e82982e93bf7d41cf862a7464ca797b2c2ae8cf743afe21bb99,3592325941359225,Ashley,Robinson,Female,1935-08-15,1007 Colton Forks,Hopewell,VA,23860,37.2876,-77.295,31970
ba45a8656586594663f7ef8d21eeed3e3d78cc7f3d6ee1d998070fdfa1d88e4d,373905417449658,Sarah,Bishop,Female,1970-11-12,554 Mcdonald Valley Apt. 539,Meridian,TX,76665,31.929000000000002,-97.6443,2526
ad2711911fdb75eea490114c298fffe7a51eb0ac26ab48e3087d0eabb2679192,4683520018489354,Charles,Carrillo,Male,1995-04-19,17547 Stephen Turnpike Apt. 846,Hawthorne,CA,90250,33.9143,-118.3493,93193
26d4ef234029dad42e82face57e37493ad45a9a02b3b6f3916e10de64a373e2f,4158758517677931,Dawn,Cox,Female,1995-01-15,193 Catherine Ways,Hills,MN,56138,43.5335,-96.3645,899
7b1cb2a4484af1663f0b9037bafe82ae5cc500a0b5249a8f00b5fba2fe71f8ba,676372984911,Vicki,Mendoza,Female,1987-07-18,3645 Atkins Island Apt. 238,Esbon,KS,66941,39.7562,-98.4462,242
6ddd68609798cbd75cffe45e363247338d11a8a745d6fe006f124f29bc7d1f55,3587044315915002,Christian,Roman,Male,1974-10-15,495 Fisher Throughway,Grand Junction,TN,38039,35.0659,-89.1534,1804
64d736ef1abe57252f946cfbc8d0b5337b20e856568fd88bb531ea25e1a4dd55,3593118134380341,Laura,Casey,Female,1959-05-10,6114 Moran Way,Steuben,ME,4680,44.4971,-67.9503,1131
6f276b9a18701a509a971eb50efd1565561684a40ed8f1a9f8d704ba146e1ffa,630469040731,Meredith,Ayala,Female,1936-05-01,7107 Henderson Station,Cascade Locks,OR,97014,45.67100000000001,-121.8686,1288
beb7ad1d33391c6640a721a2572359d52f91b008e1599700728e5987d07aae13,571365235126,Barbara,Taylor,Female,1995-07-12,0069 Robin Brooks Apt. 695,Elberta,MI,49628,44.5995,-86.2141,372
4bb5cbd3502f62bb7250559df691549179f1436437ee8d3e794d3dc85f9a458b,30487648872433,Stephanie,Crane,Female,1955-01-05,144 Martinez Curve,Central,IN,47110,38.097,-86.1723,350
7471041a2b0faf8025b038b36335666032d88363cb901466343298c83a514bfc,30328384440870,Helen,Campbell,Female,1954-07-14,182 Sergio Summit Apt. 129,Browning,MO,64630,40.029,-93.1607,602
6709d0d301c905b69c123a8f5de8fb7e8d4c5b2947598f033150b9a68a20f6f3,4761403817546679245,Diana,Jacobs,Female,1986-05-02,69608 Perez Mountain Apt. 006,Viola,AR,72583,36.3924,-91.9932,1679
949b7baa01d67e89c71d8b2fc38f9480b7dc441910219c3d669d3434f3c32803,4810839835482794272,Carolyn,Perez,Female,1985-08-31,433 Blake Roads Suite 967,Wheaton,MO,64874,36.7651,-94.0492,760
de3f8569ae956e8862dfe257f36391848c1a45764ad33db637a545de364c0e77,6544734391390261,John,Myers,Male,1982-02-08,701 Wilson Divide,Highland,IN,46322,41.55,-87.4569,23727
784a157a2d63aa024b92621c61c9ef096cf187216611d1da05da20871b7eb473,4500002361389,Joseph,Nixon,Male,1965-04-07,86882 Desiree Camp Suite 047,Tyaskin,MD,21865,38.2833,-75.8465,470
8d950061d0fcfbc8128001b273a0b6ba667972e64e0a5868c2fac9ad57b3cd1c,371009169330125,Randall,Burgess,Male,2003-09-14,393 Carroll Route Suite 197,Norman Park,GA,31771,31.2462,-83.6549,5666
bb185ea295dbd2c7db07203a0f2002dabfa1f920f8f9fa0e1563fd29be683f54,630424987505,Jennifer,Black,Female,1981-08-29,2870 Bean Terrace Apt. 756,Thomas,WV,26292,39.1505,-79.503,836
361b1493da7486532591fc25528cbd072cdefdd16f6b80c5370eeefbcdd84f9c,30230540139182,Hayden,Sanders,Male,1974-05-18,8465 Reed Green Suite 559,Montandon,PA,17850,40.9661,-76.8575,645
a8503106d297575999226ec9aae87573dbea55b73e96410d02e5ea35f51618dc,3598014571045296,Lisa,Clark,Female,1993-10-07,07943 Davis River,Grimesland,NC,27837,35.558,-77.2566,5903
64136645619f86c4d9d8dbf8977c201583d37c595eb8d58374062b26adb09270,375974680629816,Roberta,Mccarthy,Female,1973-04-06,94431 Matthew Mall Suite 296,Plymouth,CT,6782,41.6611,-73.0449,2376
c90299b09332cd8fad123f6767e43b181c7124b179dda74ff1f42da88802db80,3544606805704278,Carolyn,Thomas,Female,1952-05-07,755 Solis Isle Suite 075,New Memphis,IL,62266,38.4857,-89.6816,254
c219d40e94facc63461a89851b43d8265f8b6d0d33e02d9c0711eb4a0ed87dd9,630451534402,Rachel,Daniels,Female,1972-06-12,561 Little Plain Apt. 738,Wetmore,MI,49895,46.3535,-86.6345,765
12399721ee1039ed1718357526d80b932db9304ec08404722a2c9887066cc13b,2576709887791552,Joseph,Morgan,Male,1959-08-05,126 Underwood Drive,San Diego,CA,92128,33.0067,-117.069,1241364
c500863a6e87bb011698d67d12b86e4d43d0e71dbc24d57737d26cc01fb5ef3c,4996263498048679,Kendra,King,Female,1983-06-13,154 Hernandez Keys,Smith River,CA,95567,41.9404,-124.1587,1930
aa30f178e84bc53ee8d4491707e347ce06787faec3a45278bcca76d54fb4e3ee,4561368699336875,Pamela,Lewis,Female,1988-11-01,653 Jessica Extension Apt. 668,Clifton,SC,29324,34.9906,-81.8327,167
e8bd3859dff154342a6d3f64b85ea5c166c03ec6061cca238c8aeb4c95e6a30f,6011706277606006,Scott,Sullivan,Male,1952-12-07,776 Martin Ridge,Newton,NH,3858,42.8678,-71.042,4603
164b15d03cec1dba9438ac57ed7a3ee8817d3eb29de4647342f2a384d9f308d5,347612609554823,Robert,James,Male,1995-12-28,18316 Cannon Place,Newport,ME,4953,44.8393,-69.2675,3228
4742e3e1df54f7423d4f3f9665ead39ff77ddc2caf4636bd1401379326e17627,3568736585751727,Thomas,Cross,Male,1974-03-13,7566 Thompson Creek Apt. 827,Elkhart,IA,50073,41.8114,-93.4855,1195
270a30c7a1d650cf7e56efda2f22c6bd44625695c60dc2a3ddf410e90db09817,4681699462969,Joseph,Gonzalez,Male,1978-03-06,319 Wendy Fort Suite 179,Murfreesboro,TN,37132,35.8596,-86.421,158701
99aa8659491e5ec428ec39d51a4c2c636f90789e77f04bb7a63d18be5846fba0,3525590521269779,Scott,Fuller,Male,1984-07-20,861 Karen Common,Haw River,NC,27258,36.0424,-79.3242,6006
2cb179fb73dc26fa1a38df4f67e032b64b62ba7cd23801aef5498d95f0f9d944,4671727014157745,Kenneth,Edwards,Male,1955-07-25,3653 Ryan Crossroad,Andrews,IN,46702,40.8618,-85.6067,2304
846ec9aabf06e7f5f714922b45ac7b471c26d08af8a285fa2ceaef4d204e0df1,343472729187663,Gloria,Wallace,Female,1971-08-05,234 Bridges Wells Apt. 389,Center Tuftonboro,NH,3816,43.6849,-71.2551,1368
9a279a0dc29312c4cd2c36b8ea75912dfeed78af0bf4b0af970680912653487d,3501509250702469,Frank,Anderson,Male,1979-01-02,0611 Stafford Valley Suite 504,Naples,FL,34112,26.1184,-81.7361,276002
e8cfadccd632b9fec5ee17bdbf2a7a23e0c017848bf97b35045c6eaf5bf5af92,213114122496591,Jeremy,Perry,Male,1963-07-14,797 Jennifer Loop Suite 634,Minnesota Lake,MN,56068,43.8295,-93.8282,1087
6dc11abdb6ec327098fd263ca0017a72b1e468cbd4bfbde3ad42bcf8e74c30ab,4440581794652,Karen,Cooper,Female,1960-03-01,425 Caleb Point Apt. 050,San Diego,CA,92128,33.0067,-117.069,1241364
d8d7e5909eaff5a01550b1eefe32d1773b38763596bc396ba9c67ebdb5d1121a,502049568400,Daniel,Melton,Male,1962-02-13,6157 Nichols Mews,Marion,CT,6444,41.7918,-72.7188,370
c903548e6ca88df0f76d50b2408fede37035fab8d8e51aaaa4f785625957f9ce,4792627764422477317,Margaret,Mendez,Female,1978-10-01,7952 Karen Pike,De Soto,KS,66018,38.9462,-94.9714,5760
0de38ae347a9e58feac38ee1ff5ac2e27fab1fb93f195f0cd9e14070697a8d6d,3553629419254918,Sharon,Johnson,Female,1984-09-01,7202 Jeffrey Mills,Conway,WA,98238,48.34,-122.3456,85
91da839cd3f3b6e402ecf1794e007286044682d4c4285bcab682e680e92eb4a6,341546199006537,Mark,Brown,Male,1939-11-09,8580 Moore Cove,Wales,AK,99783,64.7556,-165.6723,145
d189c5e53e57420f7ba18823ba87f71a876860d329ed311df0b786b1bf67ae32,4228411452607671,Aaron,Stewart,Male,1995-04-22,400 Zuniga Pine,Winthrop,ME,4364,44.3229,-69.9576,6025
b9f2d889f937a50ac35a30d4e16aa549db7169fd08c12b879f1da14541c75581,4469777115158234880,Gregory,Graham,Male,1980-11-22,4005 Dana Glens,Methuen,MA,1844,42.728,-71.181,47249
9f9b67a532c3b8417897b5d46fe881c1203a1ebf390a01ec1f8e55f79475c6c3,4208110975550360171,David,Bonilla,Male,1982-01-16,82073 Jessica Camp,West Green,GA,31567,31.6143,-82.7243,782
7aa4907eede11c0d6400d5b355782705015357bd84c0170cc2cb60241064df70,3535808924394848,Matthew,Myers,Male,1980-01-09,4936 Michelle Points,Tower Hill,IL,62571,39.39,-88.9597,1532
5ad8b3c0241268054f1a41c5ec265d74f86bb8bbceeaeb5e53cd25c769f3c908,4841313716651064,Omar,Gay,Male,1989-10-28,2161 Blankenship Freeway,West Hartford,VT,5084,43.7185,-72.4439,140
df041bcad4c32c8dc0e16ba0f8ca7ea4036a3fb3307ba19ff010ff7518077d64,3538520143479972,Cassandra,Nunez,Female,1965-09-15,9572 Austin Forge Suite 612,Clay Center,OH,43408,41.5686,-83.3632,269
337253a82a74aa81e37d3aaa1b76bce61c5b9c3112086e48a3cd9d0494c501a4,4908846471916297,Lauren,Torres,Female,1992-07-24,03030 White Lakes,Grandview,TX,76050,32.2779,-97.2351,5875
da68785a7cf5a1c5907bc41994055a221be4905b7fe55daa3420d32a5b984e1d,2720012583106919,Joseph,Murray,Male,1980-08-18,42933 Ryan Underpass,Manderson,SD,57756,43.3526,-102.5411,1126
d888d97cb9909901e9dff2bb3a6f15953e066541d184489c9d76be8e8a95b28e,676234256292,David,Vasquez,Male,1992-10-07,06539 Gregory Mountains Suite 029,Parker Dam,CA,92267,34.298,-114.156,126
00275bc1d3b0724517256dc2ce0cf3eeba3660329c106fdd5cf3d7a909e1995c,3518669219150142,Dorothy,Thomas,Female,1996-11-12,537 Rice Square Suite 040,Milford,OH,45150,39.1657,-84.23299999999999,31394
aa9663f6e59a8170faf53574fbfc1ab5230a8cdc30d6fb783e256265fd321f20,3511378610369890,James,Cooper,Male,1973-04-01,663 Ramirez Trace Apt. 951,Huntsville,AL,35811,34.7789,-86.5438,190178
45302a3fc8b40efc901bf8200a0d7e42a38db1bd38d168658dedb6cbcf98f89f,370818583810103,John,Davis,Male,1976-01-10,9670 Monroe Junctions,Rockwood,PA,15557,39.9373,-79.1865,3684
afcb07c61d899141088b91ce4b787930b5102d1ba79e6298ada0ed956d2d92d5,30546453310167,Nicholas,Tran,Male,1955-01-13,672 Randall Burg Suite 551,Belmont,NH,3220,43.4512,-71.48899999999999,7430
ad72f933980afbe7608bad60f2054f7a9ff2425f5d9c9cfe916e0cff2c3a846e,4067137330196900,Christina,Eaton,Female,1986-11-12,3256 Brooks Field,Eldridge,AL,35554,33.9315,-87.6194,1186
d380e67c89b0b01d761fd072497b41dd18b5420918befc61332c7e534f909695,6592861994408652,Ashley,Whitehead,Female,1983-06-12,58188 Madison Meadow Apt. 949,Cowlesville,NY,14037,42.8112,-78.4481,1166
5faa0a0aaf822241a328fa5f6ae69b7f3e29fe46efbf4987722f3cc01894d9e4,342351256941125,Rebecca,Obrien,Female,1990-06-08,5619 Mendoza Inlet,Juliette,GA,31046,33.1194,-83.8235,3343
be195d2e0bc512ececdb5fd9a10f1066a256dc705b525a163da74d94a9d08cd9,4998109455173950,Mary,Pruitt,Female,1987-11-18,2819 Luke Greens Suite 563,Kansas City,MO,64114,38.9621,-94.5959,545147
a8b76e0ec996c979d5858d77348b0a4791138e30851de6d902ac40070c3f3550,213175487106448,Diane,Jackson,Female,1954-12-10,682 Mills Way Apt. 814,Rule,TX,79548,33.0771,-99.959,932
d27891705b3b103955e20da8fa7a25e9c3a954a48cdacb258224ed2ec337620d,583699482621,Jennifer,Jones,Female,1936-07-22,5572 Kelly Plains Apt. 952,Waupaca,WI,54981,44.3481,-89.1101,15426
dd0906918da9fb6759e46a8ba2bbea4a46fcdb6da3fb06375e0bf5c0aaaeb88c,4186530744674,Casey,Howell,Female,1966-11-10,374 Christopher Ramp Suite 855,Blackville,SC,29817,33.3645,-81.2718,4913
d07118ae58acf48d6aff078eb0100e49093d58b86db7eb4878622441c45a0332,6011360759745864,Steven,Williams,Male,1947-08-21,231 Flores Pass Suite 720,Edinburg,VA,22824,38.8432,-78.6003,6018
41795982bd6340b4a567b3bbf4efe0039bf0360df1decc000ac5b2c7318cc3f9,4259996134423,Julie,Johnson,Female,1968-11-22,9331 Robert Passage Suite 327,Hudson,KS,67545,38.1485,-98.6408,215
3a5d1832ac9a08fad635252581c7887ff330cb2e7e20b5dc491b5f046151161b,4412720572684931,Richard,Marshall,Male,1949-11-17,295 Page Creek Suite 181,Greenbush,VA,23357,37.7681,-75.6664,776
4e1104ee9a662f02b320f07a96f1a9667f01f01203dab89bff94ba17423558f1,676173792455,Brittany,Cox,Female,1961-04-25,07177 William Dale Apt. 547,Santa Monica,CA,90403,34.0287,-118.4924,92043
50b18d04255a97dd675b5be990d429ae1995cee081e3f6e1fdfc366bdd74ce1f,4302475216404898,Daniel,Cain,Male,1964-08-08,384 Newman Forks Apt. 370,Belmond,IA,50421,42.8511,-93.62,3032
a8e0be630bffb5c0052a27d6e894001cf5ef58010a65c7087700a9cbb4a049a2,6554245334757802,Monique,Robinson,Female,1969-12-22,07712 Marcus Divide Apt. 831,Laguna Hills,CA,92637,33.615,-117.7114,45303
3ed9c490c2cacba69e9a793eea568a6644d6fa6c6b03167e3e6950df5161236c,581686439828,Larry,House,Male,1973-07-28,911 Sabrina Trafficway,Cochranton,PA,16314,41.5205,-80.0573,5507
4b58e77ccf7a8514fba492189271cea5f2334bd4e8bbab8b9b5d39bf69cb757d,501899453424,Jessica,Dominguez,Female,1970-01-08,06393 Nancy Parkways Suite 855,Gadsden,AL,35903,33.9845,-85.9077,67082
5c75e8875fcca1eac190290895df0dc856c1271b5df3ec4f4c3d7b455aff26d3,4979422371139333,Kelly,Zimmerman,Female,1935-02-10,1893 Katie Tunnel,Westerville,NE,68881,41.4193,-99.3844,73
e7691fd5e8cc647ff8b836ce043a08e34df3016e636135df44d8f791b17c2130,3528407217576457,Patricia,Leach,Female,1987-02-14,71309 Martinez Stravenue,Kingsport,TN,37663,36.4715,-82.4834,87124
cb3ab4a57d58885f0f55be9b4455e2ce7d00513ff462fc2d2197f2724da8b2aa,342952484382519,Kayla,Jones,Female,1987-09-26,6033 Young Track Suite 804,East Canaan,CT,6024,42.0158,-73.2913,647
c03e24a69c38e8cbe0198f785dc1e5cb8cc35f169075cbcf2f27399677b9c98f,4364010865167176,Gary,Martinez,Male,1997-03-12,03512 Jackson Ports,Reno,NV,89512,39.5483,-119.7957,276896
ace2d37a28ba5e10583db8e5e4678c7d1505225304ef6ff4d7bcd47415ae2423,3586008444788268,Crystal,Fuller,Female,1984-02-29,000 Jennifer Mills,Issaquah,WA,98027,47.4974,-122.0107,50489
32c5c9300e28db3c3f6e753f09b260cdaa5b20438f0abee2895411d13c502d6e,4312133045694601139,Julian,Price,Male,1977-06-12,086 Pierce Cove,Pikesville,MD,21208,39.3764,-76.729,33917
65188628ec8f85c65837dab3636f0970671726540c0054d58181aab3701e2ce8,4449530933957323,Felicia,Mckee,Female,1954-07-05,84079 Thomas Burgs,Tomales,CA,94971,38.2427,-122.9145,337
e05da8c169245e11171e0c8ec4ed0df4ba9cf13c753bb425e8ed4884b53e780c,180036456789979,Mackenzie,Salazar,Female,1974-11-20,982 Melissa Lock,Bagley,WI,53801,42.9207,-91.0685,878
c34f66b0bb76c2818493ad42873d0e9b672fbb707110fd328002364cce5acbf4,30561214688470,Gina,Morrison,Female,1998-10-01,41851 Victor Drives Suite 219,Allentown,PA,18103,40.5891,-75.4645,166081
bbea8310cb26586c688f567ea97cb0933ec0d557f3d7257edba7488c5fe7c1e5,4836998673805450,Susan,Hardy,Female,1979-04-12,516 Brown Parks,Manistique,MI,49854,46.0062,-86.2555,6469
6ef72d5d34bf4869267cabcd9fdfc360aec3c30cfb64fbd4ce96714cc0a46812,30044330818990,Allison,Ayala,Female,1985-08-29,87665 Karen Mill Apt. 586,Fort Myers,FL,33967,26.4722,-81.8122,224256
2a83b454917f5bdb47b97af35bfa3f69939d7a37e8175f7f2c2a651cd32cb127,4070511711385545,Stephanie,Hopkins,Female,1967-04-09,44089 Carrie Crossing Suite 954,Falls City,TX,78113,28.9814,-98.0156,2435
bfd384aa4bea1d5494d822f4d8a8ae39bdcc573830b12cb1c87d77a0fd3f76cd,374821819075109,Zachary,Boone,Male,1927-12-11,3703 Benson Wells,Palmyra,NY,14522,43.0622,-77.2218,9565
504e497cd65082958e3e194b7270ccbf26fe077c023e7cf2a44a51f7cb6ac5ef,2264937662466770,Juan,Sherman,Male,1995-10-17,5939 Garcia Forges Suite 297,San Antonio,TX,78214,29.3641,-98.4924,1595797
9ed445ad1b74b11932245a8d85fc53a090d6103f12339884e445528cf170a699,38530489946071,Laura,Johns,Female,1989-05-14,95835 Garcia Rue,Arcadia,SC,29320,34.9572,-81.9916,530
9039d1a155577666ead3dae971ba112cd534ff4c16d588f806383eb54c12ad3b,3534330126107879,Jeffrey,Smith,Male,1978-01-15,713 Scott Pike Apt. 712,Bridger,MT,59014,45.2857,-108.9082,1446
96cd4066431a1a0235356feeb557f714614d263a8c5304b60bd956034a23b895,3502088871723054,Scott,Martin,Male,1976-09-08,31472 Cody Place Suite 740,Kensington,MD,20895,39.0298,-77.0793,19054
c16179b75b3e27b847d8e77fa2edf1843b11523b177a7f2b06eea8fb3a33790c,374497717543058,Linda,Hurst,Female,1948-06-30,31701 Tucker Square Suite 893,Wilton,ND,58579,47.1709,-100.7944,1190
135ba98ed08e32903f81c763cd4a8cce6b71d0fcbaa557ca18b24a28211894f2,30234966027947,Matthew,Lambert,Male,1978-01-22,7188 Melissa Crest Apt. 151,New Holstein,WI,53061,43.9446,-88.0911,5196
8dc902e14832447f8c16e02dc6bf7db31dfd4f6a9cfce69fa92f65adbb928cba,4181833256558613886,Jessica,Potter,Female,1988-09-06,7600 Stephen Course Suite 031,Red River,NM,87558,36.6659,-105.4694,606
8dab02019298cc5ef1fc4bf6932ce729be376d1dd5db29a3c2d33d0b673eff7b,4102003771126577611,William,Fitzgerald,Male,1987-06-13,715 Courtney Pike Suite 932,Keller,TX,76248,32.9276,-97.2489,95035
3930d302ece17df33c3975c6c057d31fbe58497894cc82a1991a5f86bb05602e,4505383113689,Alicia,Hawkins,Female,1933-03-15,507 John Overpass Suite 424,Harwood,MD,20776,38.8582,-76.6145,3289
6ad7e63895879d60d34bd82c2c7cd0254f67fcde3cd5ad1a58228aa51546d7a8,4003771737807706,Danielle,Hayden,Female,1958-01-01,03368 Michelle Trail,Gregory,AR,72059,35.1791,-91.2594,37
44693b50c80e6a472be2cd5b2c2d8bca494876c81be9ddfb95638e801516b35d,4890424426862856940,Jeremy,Whitney,Male,1979-04-30,0371 Aimee Neck Suite 856,Sacramento,CA,95827,38.5662,-121.3286,757530
a92c78d84d33958c31b910970e7941b1dde9e0dd9f398233f3fb94cbb7e22ac1,2269768987945882,Shannon,Patterson,Female,1958-10-29,9808 Ellis Bypass,Mount Morris,NY,14510,42.6835,-77.8664,4895
2a17c56b66ec52cdace5f8da140b5858112708a081e4775849432fc1898c1744,4423489490781412,Christopher,Ortega,Male,1957-03-06,5045 Emily Wall,Princeton,IA,52768,41.6858,-90.3706,1426
34fb943617d9eaf85a5ce1d16d895a7a50ca7d5d40dbe3d238be5ecce6b59a54,675961917837,Christopher,Cummings,Male,1967-08-24,478 George Course Apt. 056,Sprague,NE,68438,40.6267,-96.7456,142
6f3fcd4cc101e69e7f5bccbb24fc15a7fee5ab0d8414a36cf761027e5bee16c5,6011860238257910,Lisa,Mendez,Female,1952-07-06,44259 Beth Station Suite 215,Lahoma,OK,73754,36.385,-98.0727,1078
5b8c7dc10ea4efe503a1559f9a9df0575763749ca8c4b69b49f868b9c124002d,2248348993063230,Jennifer,Scott,Female,1960-08-05,376 John Fork Suite 848,Randolph,OH,44265,41.0109,-81.2977,51
988add700e27c75639295804dcac8d55b586c91e3e44d5336bd56aa3ffca14de,639095706599,Kyle,Wilkinson,Male,1939-04-14,93970 Trujillo Causeway,Curlew,IA,50527,42.9633,-94.7975,223
d671e95e73af7fce09533510ed34aacc779769d364fb968c75673bb5ab9d2f6f,4477156602511939689,Angela,Ross,Female,1992-12-29,0107 Clements Point,American Fork,UT,84003,40.3928,-111.7941,42384
eadf12d7cb338973d666182510e3d37c0c0d549bb9399c1bea0d19a8b6bcaf22,3517527805128735,Tracy,Conway,Female,1990-04-25,6778 Campos Field,Bonfield,IL,60913,41.1573,-88.0619,1617
ba9d72176397d6e062930c3f461997f23dcc565eab5a1ed5580c5d7e22e963a9,4457732997086323466,Stanley,Mayo,Male,1987-05-19,3433 Jones Branch,Fiddletown,CA,95629,38.5234,-120.6763,832
94644f1713b3296ce12af70def18718553d264504239cc30384bc09ad1f9948e,4633065159406313,Jasmine,Wade,Female,1995-11-29,90662 Lewis Avenue,Providence,RI,2908,41.8383,-71.4377,203571
993819c8af51c4994d4b20df6b4ca74a47169d2c855d791104018eb608585ccf,676275912597,Edward,Hensley,Male,1986-01-18,24318 Dixon Mills,Elk Rapids,MI,49629,44.8955,-85.4082,2223
fd7e2602b8c0c7f7ef0af4d9bbfaa0ef1fcbb45711b0c4c743db0d5261a74dd0,4254074738931278,Gary,Hall,Male,1956-05-02,69085 Short Shores,Allentown,NY,14707,42.0737,-78.0594,239
9afac0ab6a31678c23efaa1006a5a9177c9cb06667e9dd5e60f443575d6918ef,376445266762684,Rachel,Lowe,Female,1982-02-11,372 Jeffrey Course,Sutherland,NE,69165,41.1558,-101.13600000000001,1789
98df5b267e9038f6fb688b778b8957203f1a683095c11734420ead15afe1c404,36078114201167,Christopher,Horn,Male,1926-06-26,956 Sanchez Highway,Mallie,KY,41836,37.2692,-82.9161,798
386d1bdbc61b346c9646e8e287e7a898f26351d1c843c02ed1becf340efc1ef4,4294040533480516,Gail,Weaver,Female,1986-12-31,979 Stewart Lake,New Ellenton,SC,29809,33.413000000000004,-81.69,2206
dadbd407731a60a4d8bb0127a2291ae0f7ec4a5d1c6b926d751fc2af0dfc5a26,4512828414983801773,Monica,Cohen,Female,1983-07-25,864 Reynolds Plains,Uledi,PA,15484,39.8936,-79.7856,328
cedb90da3e36e7ad9300f5f3b1307327bd38ea54d1207228144b0792f3fde161,3558881852140592,Christopher,Holt,Male,1957-03-28,05597 Michael Spurs,Parks,AZ,86018,35.2563,-111.95,759
50a37ba16db93115adb9c4e6c71c6062a756aa970430359a050631c4fef92129,213180742685905,Kayla,Sutton,Female,1951-01-15,010 Weaver Land,Carlotta,CA,95528,40.507,-123.9743,1139
552da230285fcdd3159a0ccef7441f1fc6766942dc55e5050479815c8b54c7b2,6011948324228984,Mckenzie,Brooks,Female,1961-12-14,3872 Matthew Skyway,Paris,MS,38949,34.1992,-89.382,297
eaa173d377365720752ada5c9c18a4f23d9f3c3375e6afba439548c8b25260e3,180065479077096,Krystal,Gamble,Female,1964-02-15,47152 Clayton Burg,Manchester,MD,21102,39.6747,-76.8941,11751
25cbfec8dcfa6bc1d2c1918349d2f226c591484e909a567ab261caea37579574,4169388510116,Marcia,Molina,Female,1962-09-27,6744 Jimmy Extensions,Port Gibson,NY,14537,43.033,-77.1575,207
d1803ddbb4f648cd576600bf498e3c763ed9e0976b414429188540f209eb2512,3560246577314524,Sarah,Scott,Female,1930-10-21,03090 Fisher Forges Apt. 200,Wichita,KS,67216,37.6223,-97.3136,409656
614a2a5671cd404947091b6c305fc34d1a2eb3c33352450b8c788db28578ba08,4170689372027579,Samuel,Frey,Male,1993-05-10,830 Myers Plaza Apt. 384,Edmond,OK,73034,35.6665,-97.4798,116001
8cbbe3bc3140bfece01a0c30e946b38716c3d66791343213594730e30c7a8085,30029052116970,Curtis,Young,Male,1970-10-09,4319 Watson Shoals Suite 658,Falconer,NY,14733,42.1239,-79.1895,3833
a2dd5825cb6c41548906010ab39c497ef75c4d4057fa7c4f4907a4fb7484f57c,30273037698427,Andrew,Patterson,Male,2000-06-13,06959 Stephen Branch Suite 246,Thida,AR,72165,35.5762,-91.4539,111
39c87ffd72a4fba767366837b1cdea0e3222759e70120dedc0f28c43a5bdbcc4,4740713119940984,Heather,Hines,Female,1962-10-16,13776 Hicks Plains,Pomona,NY,10970,41.1901,-74.0436,9993
cc9ce239cc59c83400e32afe2a89dc96b68694c1bb5dcfac15e9899de9dd0068,346273234529002,Donna,Moreno,Female,1991-10-22,32301 Albert River Suite 364,Ronceverte,WV,24970,37.7418,-80.4626,4575
efa05f0929556cfb857afede3be7a1cf07665f031fbde279b091d7b843494997,3506040590383211,Michael,Orozco,Male,1989-03-09,13956 Hughes Causeway Suite 124,Alder,MT,59710,45.1939,-112.0568,286
dc07ef8003bd974be73d371679c7f223b9f7e7ddcfd29c64eb4cdb02b4d401e4,4355790796238264643,Tanner,Davis,Male,1969-08-04,2632 Stevens Light Apt. 213,Payson,IL,62360,39.8153,-91.2627,1656
3cc695137e76032cda2a5c4d3ba6c90063e71c3cb0dfe2e6281ca0bdb1109121,6011504998544485,Ashley,Whitney,Female,1971-11-02,4038 Smith Avenue,Jones,AL,36749,32.5104,-86.8138,1089
558df5605948e38e488278cde18cd6c171e2d6b736dce6ae59b5162b43d10aea,630425673344,Bryan,Miller,Male,1970-03-14,411 Laurie Fords,Cass,WV,24927,38.388000000000005,-79.9906,365
499ef29f2aaa269a61a1a48c7a96391e83924814c2ac6cf4d93a2613b6c43f56,180058696935600,Richard,Barnes,Male,2000-08-28,1339 Johnson Landing Suite 007,De Lancey,NY,13752,42.18899999999999,-74.9229,782
4f1dc7f2fe5f93fc1bd60e496115067a2dfa5f3b8592950fdb394daf131ead93,2286236465059468,Morgan,Murray,Female,1950-05-27,2788 Brittney Island,Blairstown,MO,64726,38.5319,-93.9221,467
e250d7be262ae88029527746dea8df6bfca7937a762b6e39e1ba8a71321ee7bf,343464013864032,Jodi,Foster,Female,1962-08-13,551 Zachary Freeway,Bailey,NC,27807,35.8072,-78.0892,6629
9ce2f00e21fbd0c2ba8fe6243058ff719b28c6006de9c6a98d5f7ab472915c00,3595192916105588,Dustin,Roberts,Male,1993-05-14,3283 James Station,Fayetteville,NC,28314,35.0583,-79.008,238602
69394fe97bcd33906d290230399110b1f7cd08c68af2ed6fac273925bd8dedf4,4060579726528237,Steven,Sanders,Male,1948-11-14,25955 Amy Via,Ozawkie,KS,66070,39.2136,-95.4404,2661
5786101be567d5ff1715487bf6b1876c568a3ac04f794c2374408ba3382f4848,2719496466799416,Sheila,Baker,Female,1940-09-17,8030 Walker Heights,Belle Fourche,SD,57717,44.6723,-103.8396,8007
7506c930f63024dcd226ff98927c53fa86e70d99089766bd552fd230122b7891,6011348830550197,Samuel,Johnston,Male,1980-07-12,16285 Jessica Lights,Birmingham,AL,35229,33.4629,-86.7904,493806
56b6011ce8e0b949dc6f9ac2ef1a29e7569301ca4f50c353d82f0a2e8d6fe0ad,6011999606625827,Ronald,Carson,Male,1965-06-30,870 Rocha Drive,Harrington Park,NJ,7640,40.9918,-73.98,4664
165a0f67594fb8354cc4e5a9c4fdc20e4d2671c6c71724c9c2626ea63d3ec28e,342035762534413,Jennifer,Carrillo,Female,1999-06-19,334 Adam Mountains Apt. 868,Manquin,VA,23106,37.7184,-77.186,976
a1ec77a2041fc0639c9378afc1b4f2ea0faccfb8ee6d5652519893032bff00b0,3514897282719543,Steven,Faulkner,Male,1952-10-13,841 Cheryl Centers Suite 115,Farmington,NY,14425,42.958,-77.3083,10717
5005a10ffcbe2107cd10eead8aac2d5d99ab1fc6ecfaac1a9f7ab552ea630483,180072527505094,Cody,Miller,Male,1953-12-08,25748 John Wells,Mooresville,NC,28117,35.584,-80.8685,69793
17e064a25d3d1e2bf3cc5ca6079cd6b46b3ff7f106cf60f22b2c643e1612679b,3583293909206278,Deborah,Fisher,Female,1978-09-30,1911 Fisher Brook,Kirtland Afb,NM,87117,35.0203,-106.5503,310
ce06434fa916a77f7e52d0bb40f07ba09e93d28385ab4d5e1e1318eb17817d71,3589255887819806,David,Miller,Male,1984-02-14,622 Bradley Knoll Apt. 758,Hancock,MD,21750,39.6991,-78.1762,3766
337b4564bcc6f4cf30448db6e776b23d1ec7a3f1298089c117e70be9f6d8b84e,3576021480694169,Dawn,Gray,Female,2004-12-30,9486 Joel Common Suite 554,Topeka,KS,66618,39.1329,-95.7023,163415
a5613a7191cb17805168776c447815709fd4f05239fe4334f1fc420ac0eb35a2,36153880429415,Erik,Stevens,Male,1949-10-13,84033 Pitts Overpass,Lakeland,FL,33809,28.1762,-81.9591,237282
4274ce8a3743adff14f89719ff7c5900133c6ac1a7563886fe33457987269a62,4900628639996,Michael,Johnson,Male,1973-09-22,094 Owens Underpass,Norwalk,CA,90650,33.9056,-118.0818,105549
9ae2bc260cb2e733e2800eba6aaf87c892fb10b96b64ef2959b37cc6a87232cf,213193596103206,James,Hunt,Male,1994-02-09,7369 Gabriel Tunnel,Pointe Aux Pins,MI,49775,45.7549,-84.447,95
f75d528e06eaa339d0192009fabd938fd543c5fa1ccd6d93dd2db6c0c4971e65,30197398657930,April,Johnson,Female,1987-09-19,9727 Deleon Mountain,Creedmoor,NC,27522,36.1124,-78.6476,12335
15ff454b427bcf12d6fc8c8eee84733614bd133bde773065beaa8a4691eb9f3c,3501942333500073,Lori,Bishop,Female,1999-11-30,08056 Alvarado Club Suite 699,Phoenix,AZ,85086,33.8155,-112.1202,1312922
6bfe38551305b4a767cb74ad26b382bc9735dba092cc235744fa9a06b6ecbe1e,3595111028444131,Jeffery,Sanders,Male,1957-04-17,5278 Sarah Station Apt. 009,Cardwell,MO,63829,36.0434,-90.2907,1120
ebd146520950de490b3f11a4fd33514ea44683dbe7f0753e7ca9dd7093d2526b,630441765090,Susan,Washington,Female,1965-07-26,759 Erin Mount Suite 956,May,TX,76857,31.9571,-98.9656,1791
7f7f2829e6fb5b4ae39f37c3edc9eb0bc9c25562d15c29ac2682a92f91780030,30510856607165,Frederick,Robinson,Male,1965-04-01,1125 Ray Track,Livonia,MI,48154,42.3958,-83.3772,96942
28eaf3c1fabd740ce6211841c873f6c1e697158f7749de12aabebedcfb67124e,213102873001603,Joanne,Padilla,Female,1956-09-01,477 Alejandro Knolls Suite 828,Gardiner,OR,97441,43.7857,-124.1437,260
cf297f08b664b89fc2a27323eac3b3b6774e271ad42f305a9d0cfb52368fb55c,4509142395811241,Margaret,Williams,Female,1926-07-12,165 Jerry Meadows Suite 460,Surrency,GA,31563,31.6489,-82.1982,1324
d52e05baff1ba6173e9ba61a1278d38d9a00e61ca1745069896033141652c2de,4951647200979051,Kimberly,Miller,Female,1976-06-15,75533 Tamara Valleys,Logan,IL,62856,37.9943,-88.9417,324
5a71ea39e371dd23df7a7ef801047f0963c397f123922e666b0e519426f9301f,2706977570537524,David,Serrano,Male,1978-12-18,4739 Martin Common,Zaleski,OH,45698,39.283,-82.3977,341
757999267d80bebf6c894012fa3a3eaf06f61e6e1f366ec5c470b1e88e9dc59c,571465035400,Louis,Fisher,Male,1976-02-26,45654 Hess Rest,Fort Washakie,WY,82514,43.0048,-108.8964,1645
970e5dc383a7260862d799bbdc2d9f20a32ed468ac2abf492d84cee4a8756f56,584673555952,Jessica,Jordan,Female,1930-08-13,071 Wise Trace,Coleharbor,ND,58531,47.5196,-101.2332,307
59ce596caeb7f83f85eda29a3f3cf4dc7cb69496b8d3f0ea0d935b0945e67c2a,675990301623,Amanda,Spencer,Female,1994-03-13,6682 Green Forks,Ogdensburg,NJ,7439,41.0767,-74.5982,2456
62ab209d72326e7a7eb7d6dd0b1cf18bc8a406eb12bf3b526909f569c9b6542a,3504178999463051,Drew,Garcia,Male,1992-07-23,70858 Jasmine Meadows Apt. 135,Lima,OH,45801,40.7641,-84.0973,86954
98e587c5120abc79bfd0d455f8322fe2df2ab3706382a8773a2be3171bfe762f,4518350514020532,Christopher,Gregory,Male,1993-02-26,9579 Porter Tunnel,Wauchula,FL,33873,27.5517,-81.8074,14742
4fb582b2bd4a72bdd6f98a97b57126c7ed586d260da33e33e1117fd7af24994b,3596217206093829,Sara,Ramirez,Female,1988-03-25,23843 Scott Island,Birmingham,IA,52535,40.8626,-91.9534,888
431722cf238895248a68049d3114ec1ba686d68cc7b90f2cbd84dcd333293838,180018375329178,Michelle,Woods,Female,1988-03-21,952 Joseph Throughway,Munith,MI,49259,42.3703,-84.2485,2523
32add1aaaba249f263d70d94c3ad26af79ac2fcdbe657c6d6a342f8b91f09ca7,4223708906367574214,Adam,Riddle,Male,1974-05-30,27718 Mason Bypass,Mount Saint Joseph,OH,45051,39.0965,-84.6431,177
31f3415f30452ed0063c6f14588cba5dd076a126f5376273e57ab4d798fe65cf,3563837241599446,Timothy,Simmons,Male,1977-07-17,1049 John Ports Suite 057,Newberg,OR,97132,45.3099,-122.9685,28278
90660703ff0ba5f1ac85da5f3e573f60341e28eab6a7e84a6ca4da66dcf6e0a0,4497451418073897078,Elizabeth,Glover,Female,1992-11-20,246 Stewart Green Suite 149,West Monroe,LA,71291,32.5317,-92.176,54185
922c146b722013a00719fb85c88606f5d9a2ffd490c2b12f1c44496d8df67d5e,6526448584969862,Nathan,Stewart,Male,1964-02-18,63502 Brown Road Apt. 318,West Long Branch,NJ,7764,40.2878,-74.0162,8097
122e7894395ed1060e5aa2746b4adde3fcb646740b99910ae0a248596cc0f254,4653879239169997,Monica,Tucker,Female,1999-06-06,302 Christina Islands,Smiths Grove,KY,42171,37.0581,-86.1938,6841
45f982e7040c3c98ac447879ccd00127e751490f71276705c3640a34e5806dc0,6011893664860915,Erin,Chavez,Female,1975-07-31,3379 Williams Common,Littleton,CO,80120,39.5994,-105.0044,320420
b04a29324306492b66774693c157cdb83f3cfd5274e30c7dbcf3eaf5fb59a415,3521815216091574,Wayne,Marsh,Male,1978-08-27,172 Leonard Island,Dumont,CO,80436,39.7532,-105.6356,565
7777498c55d819a69ab063c76cea6977fb9471e7428652ef775b06d0f8ecf53c,3546897637165774,Kayla,Obrien,Female,1956-05-30,7921 Robert Port Suite 343,Prairie Hill,TX,76678,31.6591,-96.8094,263
0000fe687325cc6b61e5fb56ca7cab2aa33ea8ceb755b432bc6a1d20e2591d28,4501449508569485,Paul,Wade,Male,1990-05-22,2306 Clark Ranch Suite 515,Ferney,SD,57439,45.32899999999999,-98.0837,52
fb847997c76033bb54c6f6e2e8cf4988b1f235621436cef96453e7c5ad4d4262,4605902936394,Vincent,Mueller,Male,1959-06-28,79019 Taylor Cliffs,Dallas,TX,75238,32.876999999999995,-96.708,1263321
76deb31a0c7479d8cb55b75de4c77b1b351a969cf14970917aa4602c927e1e66,4777065439639721,Peter,Caldwell,Male,1987-04-24,08966 Beltran Route Suite 905,Oaks,PA,19456,40.1334,-75.4536,737
58b9388379a2e5529aa8077e7ea8ae383d14fe35b3635c400885c40c6b7cf959,3520550088202337,Micheal,Walters,Male,2001-07-05,15315 Vaughn Park Suite 356,Hovland,MN,55606,47.8342,-90.0476,272
39bbd5a488423cfdeb6f988f3e7c755321647834bb5352ba1ec4d4eae8bc973e,571844099986,Susan,Mills,Female,1952-04-02,005 Cody Estates,Louisville,KY,40202,38.2507,-85.7476,736284
49e8c0eb2f565b11b704de062d653f2969cbf0356141efc6d84b387cc2056579,3598304579370089,Vincent,Flowers,Male,1985-12-27,0189 Emily Prairie,Wichita,KS,67232,37.6395,-97.1714,409656
29be7232efed4a677db3032098644bd21368cc13e3b689bd9008eae96d34f6de,4810789809665942990,Julie,Sanchez,Female,1988-07-28,916 Charles Road,Bowersville,OH,45307,39.5756,-83.7153,338
5311e427febf8ba22e892fd5af222d9a644be64a09eea1e3e8682e773d1433b2,3531129874770000,Shelby,Mitchell,Female,1975-07-13,974 Cindy Stream,Brandon,VT,5733,43.8065,-73.0882,5895
40cda9a72058cdbfb2aa0363af02059d63b5a205c8b9e388bfbe131956728166,4640395708703,Melissa,Krause,Female,1951-06-13,67632 Martin Gateway,Fordoche,LA,70732,30.6576,-91.6264,1178
3e72739aa995222fa74ac1bbd87218e4489c34b271db687cdc4e2847b303df5c,4451952084362894,Joseph,Davis,Male,1980-07-30,941 Adam Stravenue,Nazareth,TX,79063,34.5444,-102.1069,686
94fce421ef4d5c64004955b30255127b5cef90fb66610dd42c268edbaec33210,340953839692349,Tyler,Wright,Male,1980-05-18,615 Clarke Spring Apt. 172,Warren,MI,48088,42.5164,-82.9832,134056
9251b8a9bf7f595911e4f0d2a5687692c43f757bdfd7c0407426120876b16763,2288813824604479,Barbara,Norman,Female,1981-08-29,6278 Stephanie Unions,New York City,NY,10039,40.8265,-73.9383,1577385
35fd05a0b1feb43ac7924ef0fd5de226fdc43125ebf0c7481a04c8eecc06e178,6517217825320610,James,Reese,Male,1958-06-11,26975 Richardson Mills Apt. 402,Sontag,MS,39665,31.6453,-90.1801,1196
c2134353acfef8554354827ae6cdea4041b1ad043341ecf5c8ccabc8337c57d1,3545109339866548,Keith,Sanders,Male,1999-03-05,8030 Beck Motorway,Moorhead,MS,38761,33.4783,-90.5142,2870
22c16abd9bfbf054f46a6f451cf42b1079fb83992deb2a3f703f32b778e85b7e,4189814094741,Jason,Farmer,Male,1998-02-03,33165 Larry Walks Suite 960,Ragland,AL,35131,33.7367,-86.1619,4159
621eab25d26acbebd95a6ed6378c20505bd9f7c697741d3278c637bb68c63825,6511349151405438,Robert,Nguyen,Male,1946-08-24,74835 Garner Point,Ruth,NV,89319,39.3426,-114.8859,450
5aaa75f13767b54c5138cc93a173a9e00b8802a3c681d945d2ebfb2d75e96345,2229378226512508,Thomas,Hale,Male,1984-11-06,949 Smith Parkway,Cazenovia,WI,53924,43.4987,-90.2796,1360
d18be46b29a950c2f4095ab91562a38cb6ddd34c1797b64234ee3c3b495b6e7b,30266994494236,Sarah,Foster,Female,1976-11-21,77872 Andrea Glen Apt. 543,Ford,VA,23850,37.1349,-77.7364,1051
a381cf4c296cb0323d070a617918509757be969128b55dcff1936af1b939df5c,6534628260579800,Christine,Harris,Female,1998-03-19,29606 Martinez Views Suite 653,Hinesburg,VT,5461,44.3346,-73.098,4542
4b8533a99a53ec0d8130467ef068c21a7a22a49711558ca77e71ab362ffca72b,3543591270174051,Margaret,Lam,Female,1972-10-04,6911 Nicholas Keys Apt. 237,Armagh,PA,15920,40.4603,-79.0097,922
babae9b82775ab50b374c5913ba0f226a8f71d8b99815e9ccf627b4e01814d1d,3543299015720986,Angela,White,Female,1977-10-19,137 Adam Dale,Lebanon,VA,24266,36.8809,-82.0956,9521
7bc2113c896434d45ebda55252c0418b76b0a3341bbf429f7b107053ec4fcf54,5359543825610251,Michael,Francis,Male,1975-06-29,1833 Jeanette Stravenue,Belgrade,MT,59714,45.7801,-111.1439,18182
0e17b1468b984158837b2f7c8eb96c4972b71cc8810f6f138d6d3e13d29b198f,4378993458389626,Travis,Hayes,Male,1999-10-25,1561 Chase Grove,Conway,NH,3818,43.9742,-71.1503,3807
4a5b394de796739655236c84b25bdade34169f269a2cc2b144dacf68ac9b66c0,3567697931646329,John,Stevens,Male,1998-07-29,428 Morgan River,Hudson,NY,12534,42.247,-73.7552,17867
fb74b609ca6bf65adbf6dabd35fdce87af9d58a0982ccf771858da38cabd1960,3530503964418806,David,Nichols,Male,1963-06-04,0638 Fred Ramp Suite 086,Palmdale,CA,93552,34.5715,-118.0231,171170
e2798c3fc52c1c40ed0a18a149cb5d85fc1f01d8ca0c5eec7a778a5ffc6ff991,378904938837132,Tina,Zimmerman,Female,1986-05-01,3595 Susan Island Suite 063,Thomas,OK,73669,35.7382,-98.7388,1675
a81503592c16586f46ede730fd998110ca19ad07796776b860f48d6b7be60201,3518234918950662,Barbara,Lowe,Female,1970-09-11,67210 Lori Creek,Sherman,TX,75092,33.6372,-96.6184,46563
c207175ced66072dbcac5ac7853e77afa58391830a6a7487a5cb20a008b0940a,180068353086472,Melissa,Flores,Female,1976-09-17,7529 Carter Well Suite 262,Huntington Beach,CA,92648,33.6773,-118.0051,190249
5d4577ffb0f31c94306bdbdb09dbd56c471ddc1d825349c74399d8fe385cb199,6011693194885790,Victoria,Fleming,Female,1995-12-04,2807 Parker Station Suite 080,Stanchfield,MN,55080,45.6675,-93.2433,2607
61924083e029299c816beccb159e720d0293596f023fb66fb80aa52abb63076b,30238755902988,Danielle,Yu,Female,1976-01-02,5395 Colon Burgs Suite 037,Thrall,TX,76578,30.592,-97.2893,1766
4e2ceb43c73d48d82ed800f581b270c82ab4ebae036bcc306d5d0c0e408f95e4,344342339068828,Ruth,Fuller,Female,1967-05-05,37732 Joe Courts Apt. 752,Darien,GA,31305,31.3826,-81.4312,5989
057ce71242d741ebad90d31570f81645c062d988a4e2c72907b6030ed0709207,4502539526809429801,Stephanie,Cummings,Female,1926-08-27,1025 Robin Square,Ash Flat,AR,72513,36.2201,-91.6421,2856
ae72241d8a77ced847c03c8191ca5d8ddd52a2d19d25e0339b8cb3a362f54120,30092964733035,Jessica,Terry,Female,1971-03-26,6412 Elizabeth Gardens Suite 633,Maysville,KY,41056,38.6207,-83.8067,14228
16fc3ac1aafa8f9823a555c5a8026e2fbffdbaae1798c2d6b2188d7fac94235e,2356276337669917,Benjamin,Harris,Male,1981-02-15,0881 Lori Pines,Chester,MD,21619,38.9583,-76.2842,5848
ded3819133a4c8617bc5667ce7569756ce967314bffb498d8af7afb845cf699c,4467456915153312231,Rita,Myers,Female,1966-09-16,75703 Hernandez Corner Suite 348,Tampa,FL,33620,28.06,-82.4079,717255
0cc712e991674c572201990300c2cdc4bf2f18f3421da662375ea459da73229a,4265776278887457,Christine,Best,Female,1954-01-05,68248 Deanna Land,Enola,AR,72047,35.2087,-92.2123,969
18a25ff39a1ded41fb526b4e007d9a34dafaa82591b6fea4597ca46510db9b66,3560797065840735,Janet,Turner,Female,1989-12-17,0925 Lang Extensions,Shields,ND,58569,46.1838,-101.2589,77
b62bbd60837c731e80ec69eec5be242c8b403662d4e723bebfdf4cf8b67b9422,3560697798177746,Matthew,Young,Male,1955-05-06,8840 Miller Port Suite 645,Indian Wells,CA,92210,33.7163,-116.3381,4677
e82f04aaf760d0eb8cddbfddf67ed522c843ba73176b9a7ab9cb9707815933ab,4629451965224809,Karen,Warren,Female,1997-12-26,4900 Curtis Gardens Suite 952,Hahira,GA,31632,30.9416,-83.3574,10295
1c92d1ca045c1d3856df4bd44b1ffad8b106a441afeac94efdaa0abd99e3235b,676102124465,Natasha,Mclaughlin,Female,1985-08-21,8699 Lindsay Ford Apt. 486,Napa,CA,94558,38.4549,-122.2564,94014
c9d1ffea3ed50e9981725d510b81f632faa236d65036861f3e16bdae4efc806b,180081032825079,Connie,Carroll,Female,1955-04-03,872 Justin Views Suite 746,Duncan,MS,38740,34.047,-90.7652,466
6901f896320b0817d9f4448a2471a388225633f9a25f25c3ea6cde4bce52d7f3,4173950183554608,Stephen,Marshall,Male,1978-10-05,47144 Roberts Keys,Monmouth Beach,NJ,7750,40.333,-73.9809,3279
62cec9be9f6cb377d33a57e1a60b18fe8841046057a0c39133d96957b31d2b74,36581538659449,Brandon,Bridges,Male,1991-01-28,957 Miller Falls,Apison,TN,37302,35.0149,-85.0164,3730
8d1a471a280ac9794b6a40d0c80d7f36c9e6b2c64f8733657228a87a51863e8f,4666314527820883145,Guy,Thompson,Male,1974-06-21,5812 Ramos Oval Suite 598,Ravenna,NE,68869,41.0233,-98.9041,2202
c19418f95e25ac6abcd23a7af70fe3695c350ee697599c692c51bdb991e559be,4306630852918,Maureen,Garza,Female,1960-03-12,169 Edward Inlet,Saint Louis,MO,63131,38.6171,-90.4504,927396
a707fa2eba7835311102654787ac8bc3066179fb513de0a065259e934604bc3d,213112402583773,Ana,Howell,Female,1984-06-03,4664 Sanchez Common Suite 930,Bradley,SC,29819,34.0326,-82.2027,1523
e72223192d02b025a0fbd27ca63ce05d326a20b289c3353b5b1507c73c0c7041,36485887555770,Michael,Gross,Male,2005-01-29,230 Ryan Tunnel Apt. 025,Fulton,OH,43321,40.4971,-82.8342,267
b0d173b563ca57ba4c6aeef9b5f085df1c4c524559f9e7e91e36158c02ba6579,4229733778084049,Tyler,Mills,Male,1990-05-03,7838 Jason Squares,Elizabethtown,KY,42701,37.6848,-85.8784,48194
c596f39522c91e0be73f4bf754ef2b340c7c695ee748499a23613a9d2823e003,3533012926413100,Megan,Bernard,Female,1994-03-01,128 Nathan Ramp,Barneveld,NY,13304,43.2237,-75.1612,1684
8058cc54f940d8b2d3e72b403c1f83acbfa1d787acf932b16cd26e4be72a883d,4904681492230012,Lisa,Lowe,Female,1990-10-19,574 David Locks Suite 207,Cottekill,NY,12419,41.8467,-74.1038,722
61aa75873ca43df35a3e4292c978ba96e59e551e624d0c76321f2f2dfd132e97,180046765320457,Jared,Camacho,Male,1963-06-30,4257 Perez Mall,Canton,OH,44702,40.8027,-81.3739,192805
3a24602336c577c20a2ac3f2e8cfab2ee5f9a96f1e0ad013d32e16bc1104e6c2,4158945090781624,Justin,Bell,Male,1973-10-19,5323 Walker Island,Pittsburgh,PA,15217,40.4308,-79.9205,687276
c76f2b245646fc487aeb7143c73f517432eeac8d9a3e4011082b908226ed5efa,340951438290556,Maria,Garcia,Female,1971-07-02,865 Thomas Village,Orangeburg,NY,10962,41.0442,-73.9609,5950
ec944cb87d7f0a28bacdb2eb380341f13682226cfb45230b239ba738760c86d0,3583793405872580,Beth,Lambert,Female,1970-09-27,6447 Johnson Estates Apt. 986,Roosevelt,OK,73564,34.847,-98.9836,551
4338f6e833ee5ae404736198ca0c4a4a3fdd845fb295cf56bfb6d16c6ff8ea58,503874407318,Andrew,Mcgee,Male,1975-12-28,4130 Tiffany Glen Apt. 562,San Antonio,TX,78248,29.5894,-98.5201,1595797
3878a14e72e3474d478639fcf917db7d96db0710cd649e78c5180acb1ae82e99,3590736522064285,Kimberly,Gonzalez,Female,1975-12-20,72966 Shannon Pass Apt. 391,Bauxite,AR,72011,34.5091,-92.4828,4074
1c9df9de74a0c5f4751913814c76c11addd9a0ca029e0a20a5a51a294eaab5d6,348789608637806,Megan,Murphy,Female,1950-08-19,53696 Laura Radial,Holstein,NE,68950,40.4542,-98.6538,331
b631452fbbb235f22b55c27856b949a39e38efd1187b7f884bd3dd91c0262dc0,4635330563105903,Christina,Rose,Female,1983-07-10,1984 Taylor Island Suite 836,Falls Church,VA,22046,38.8856,-77.1802,116155
4466ae3c92f5eae04c36ea27cbd2975c387936037aa54028f487258acbac7ec5,4452366298769043,Linda,Davis,Female,1978-03-04,6602 Ortiz Pine Apt. 179,Blooming Grove,TX,76626,32.0758,-96.70100000000001,1563
b5b66593b95276c8ca93b33480a42ac463932d621dca5587a2bb280d08aa26ef,3547560454237873,Jerry,Robinson,Male,1966-12-21,212 Mary Stream,Arcadia,MI,49613,44.5232,-86.2061,680
f66542123c8a35079e54fe636c340ee44c46a1936ffbef06170bb748ab1cbfe3,4089096483689733451,Debra,Stark,Female,1983-10-14,686 Linda Rest,Kilgore,TX,75662,32.3836,-94.8653,24536
b639660ec69c1c3e93dcb80ad25d73ca3f4ae11ae99b4a3d19d3025d0bf1ee57,6011679934075347,Jennifer,Gonzalez,Female,1974-04-16,5517 Stacy Land,Jelm,WY,82063,41.0539,-106.0763,100
3cc1add6b5e67bc41ffc83be9c0c6ffdcfcd30d7acaa4de0e02085ff2ba2bd05,346208242862904,Tabitha,Reyes,Female,1961-05-13,20938 Barbara Viaduct,New York City,NY,10280,40.7105,-74.0163,1577385
cedd13da8735e90cc84eb32789e80dd4ea0f72d44926ccbf1222baf64f7fe4a6,180014262259255,Brianna,Page,Female,1958-06-26,0043 Henry Plaza,Brantley,AL,36009,31.570999999999998,-86.2743,2566
964e7fdb832f729780838e6e1fb57d47e34d1666a00ea9a0be259359056f6d69,213198837352314,John,Vega,Male,1991-02-03,4483 Sharp Ferry Apt. 468,Garfield,KS,67529,38.0649,-99.2374,365
a9638b51719c3c8a04138920dce52bca57af3229163026ea7c5a47fff3e4bb6f,2610529083834453,Tanya,Dickerson,Female,1994-07-27,053 Kim Valley Suite 928,Old Hickory,TN,37138,36.2416,-86.6117,22191
a8f9ada9adb60e0817a93984c93dbca4c98edad9aefc43a9189544115e565d49,4044436772018844508,Amy,Abbott,Female,1970-11-09,01505 Amy Stravenue,Dayton,OH,45415,39.8355,-84.2613,479994
1089f1c2271791b5bba9c98be74f2a4bcd2dc4695a41f3deee49882c38e47c8a,30030380240193,William,Jenkins,Male,1993-11-17,50614 Kevin Point,Harper,TX,78631,30.2816,-99.241,2395
6ae7120584cf197dc2f5d4b795b3b1a5258bf7b3b74e6180f6b4d7502c5ea298,372246459334925,Rick,Martinez,Male,1970-03-13,062 Poole Hollow Apt. 815,Deadwood,SD,57732,44.3566,-103.6999,1979
5edd6247d5c12f9f3eca16d76c0e837c5063f94a7eb6d9276254732240b8df68,3577794103155425,Mary,Humphrey,Female,1994-11-12,9853 Flynn Hollow Apt. 602,Reynolds,ND,58275,47.7068,-97.2092,733
d42196c748111324d7d3cee6d9f8f3d6b0ae3833cdb50e65922c268e515a50b3,676309913934,Robert,Martinez,Male,1988-01-04,3683 Parrish Circles,Pueblo,CO,81005,38.2352,-104.66,151815
6e26c082d7088d258984b80a8604e6fdf48911576d726ad676317bfda13745ed,213161293389774,Catherine,Weber,Female,1968-06-24,74890 Rodriguez Springs Apt. 540,West Henrietta,NY,14586,43.0397,-77.6871,10256
57d95ed72b5fad5fec5e81ff4ccb3b561e30ab704cfc08d2875eb1571a7a00f7,573860193545,Cristian,Jones,Male,1986-07-23,0423 Kirby Field Suite 623,Wilmette,IL,60091,42.0765,-87.7246,27020
e902c6798aac69ed3e300bd157737fcfc104cd650b97e1b83a64b95ed35bd756,180042946491150,Charles,Robles,Male,1989-02-28,3337 Lisa Divide,Saint Petersburg,FL,33710,27.7898,-82.7243,341043
9d961716fd7548fabba60a2845dac855221018422c364c9ffaaa42e104c611f7,3566373869538620,Steven,Castaneda,Male,1964-06-22,46809 Toni Flat Suite 216,Lamy,NM,87540,35.4311,-105.9409,923
e640fd97fb189affb2cf28fceec8834b3593de58400a5a9bac40c74ba8143ba4,345933964507467,Carol,Dillon,Female,1985-03-19,27479 Reeves Dale,Whaleyville,MD,21872,38.4121,-75.2811,718
1be19d3f701c6c0992afdb5d3e5d5ea471f8a2e8c16160a8bc836fb7303443d9,565399283797,Anthony,Allen,Male,1993-11-24,6993 Carr Lodge Apt. 311,Jordan Valley,OR,97910,42.8801,-117.281,641
d2fdc9fa00f035c976b7865e1df92bb16c6887a5d8d61080258b8166e7d2ac2c,4601636330889,Mark,Rivera,Male,1990-12-18,383 Contreras Hills Suite 658,Humble,TX,77338,30.0041,-95.2825,194500
125412c0692236d6740a4f4fcaec5a9738d0f1bee297c33e9056a7da80ec7104,4990494243023,Martin,Ford,Male,1960-12-13,56812 Francis Courts,Corriganville,MD,21524,39.6967,-78.8031,626
8a0b3e450e2e15eb0f85151460e83a710fdff25d2c51cfdc61f808822a7a9b9f,180084576295055,David,Kirby,Male,1970-01-18,133 Alyssa Plains,Lolita,TX,77971,28.7724,-96.4793,911
7cd6a0d6ebddcf0b0a03f9f888c29dd341e8b5717853717fd09c66e00f3553c0,30242921189660,Dalton,Jones,Male,1958-04-06,3304 Hernandez Run,Afton,MI,49705,45.3637,-84.4695,937
3a24514a7223b2ff780a234e0a8c66ab41a5dacb78ec3f53fb006afb992ba097,3523898249167098,Joshua,Carpenter,Male,1990-11-09,04975 Allison Shoal,Bronx,NY,10463,40.8798,-73.9067,1382480
7efed88470ebf4a33f867e1ab93bfd7679bd3c0c9eb93028757f6693492880cf,5456776410929288,Taylor,Khan,Female,1954-05-25,658 Diane Glen Apt. 677,North Washington,PA,16048,41.0472,-79.8089,139
15c47c167dad7c2450feb6d3c29765163d2b48da99f0c77ac842bbb5891d38aa,2657850734909997,Alan,Howard,Male,1946-11-01,04139 Johnson Prairie Suite 401,Detroit,MI,48206,42.3749,-83.1087,673342
b3ba0448de4a0a5fccb62bcf2109782081f5e14636e4d6d34d93a69e499d26ea,2233882705243596,Jamie,Robinson,Female,1960-01-16,67089 Caitlin Meadow Apt. 905,Sturgis,MS,39769,33.357,-89.0473,1923
0d15ae7acc685048b63db49660ee5f962e7c5c77248901c04daae1b2891fdbc7,4149238353975790,Tanner,Carroll,Male,1989-04-08,494 Burke Ports,Cokeburg,PA,15324,40.1008,-80.0652,632
1f0a81bbd73b284f44e7110c4cb89889eb4ae9093be9fd79a4391655a348c012,3502377050801561,Kathleen,Martin,Female,1948-11-30,659 Nicole Cove Suite 560,New Waverly,TX,77358,30.5354,-95.4532,4993
cd9c1d9b6d54166ab6bbaeed9a49f77d63f3088c4872b8d92e66ad31b33997fa,4079773899158,Eric,Preston,Male,1965-12-15,7020 Doyle Stream Apt. 951,Mesa,ID,83643,44.6255,-116.4493,129
07d0a9c19c40eee126bb3ee4cc614ad1b609ac6d50c8e010a7b903246badbac7,4536996888716062123,Nathan,Mendoza,Male,1972-07-18,767 Adam Mill Apt. 115,Espanola,NM,87533,35.9866,-106.0654,18408
a6ab4efde77fc10c916cdc352a6a9dc06391a04eece9b125b3389be13bc49809,3556613125071656,Jose,Vasquez,Male,1999-12-27,572 Davis Mountains,Lake Jackson,TX,77566,29.0393,-95.4401,28739
37863dcc15c55e531877e505312750a133c769dc25c5f163218eaa952ce9e4b9,4481131401752,Frank,Foster,Male,1975-04-30,37910 Ward Lights,Shrewsbury,MA,1545,42.2848,-71.7205,35299
079717e20158e473271ec6968c222d9e4d791fbec38916fe1f21ba1ad3079b45,374656033243756,David,Lewis,Male,1984-07-03,1499 Michael Rue,Arlington,VA,22213,38.8954,-77.1633,207410
0fdbd5d797b8a84e49ea688a9354358d69b391a544906e42b924b0b868350bfd,376656886990758,Richard,Vance,Male,1985-12-03,169 Shelia Knoll Suite 753,Zavalla,TX,75980,31.1569,-94.3871,2836
ba2bf4872ea0de9810af4355423af2c7dd890dc55bb546c564ce81f2ba62275b,377234009633447,Theresa,Blackwell,Female,1966-02-14,43576 Kristina Islands,Shenandoah Junction,WV,25442,39.3716,-77.8229,1925
5e1967f06797e459f61b7186d1f1d779e65316626565644e74142924ce93293c,38052002992326,Anna,Logan,Female,1995-09-11,3522 Park Wells Suite 528,Cleveland,TX,77327,30.33,-95.0202,34153
dd62aa84ed0e9049a8abe7cef23c3bc5859a7608fba38ea2d276ed077d2396d9,4342532437704183,Kevin,Elliott,Male,1994-02-16,1852 Vincent Isle Suite 328,Newark Valley,NY,13811,42.2281,-76.1625,4354
96c4cb365a6d792960913e831c05ec654a5888371ed8199426948d381d19b0bd,639046421587,Dylan,Bonilla,Male,1986-06-20,2497 John Motorway Suite 922,Leetsdale,PA,15056,40.5662,-80.2099,1140
7d25719e1c4b7e778b0bc6b8b522079c73d175c4fe5e195f9d0677a1ab599958,3599237318576484,Jessica,Smith,Female,1932-11-19,06808 Ryan Valleys,Dubre,KY,42731,36.8421,-85.5396,341
1d0c404ec58c56d59133467d9533146e2d44808dba5779651f4b5840c9a85912,36722699017270,Jessica,Perez,Female,1987-10-28,8172 Robertson Parkways Suite 072,Superior,AZ,85173,33.2887,-111.0985,2872
383111f748020cef7c2e3d57f42e452e99198fdd780ef742f0ff03ffc26a5be8,4066595222529,Jamie,Olson,Female,1931-03-07,3423 Michael Canyon Suite 276,River,KY,41254,37.8795,-82.7251,571
e41cb3ab9e42c91e3cc98464428a76b8dd7591434383fd542f6d7c06d01728a7,4428154703770710,Brittany,Guerra,Female,1943-06-30,79209 Gary Dale,Colton,WA,99113,46.5901,-117.1692,761
691a24d29d147c594447fffff7c8dd923712d00fb12c0cec8b37600257b294d9,3567879740649740,Tanya,Williams,Female,1958-08-14,566 Megan Well,Brownville,NY,13615,44.0577,-76.0196,1271
72453087569de6cf9e20e6ef453c5e1392be2c71a0b191b8f1e0c9e3a4f090ea,4311368326621416041,Phillip,Delacruz,Male,1969-09-21,26678 Lisa Locks Apt. 904,Iliff,CO,80736,40.7692,-103.0968,648
b797eb5977ff181bfa3a4ab331872a94a24559dd8a3ecb91c75f384b6fc95de4,502038091380,Kurt,Peters,Male,1980-03-18,7290 Ashlee Keys,Kissee Mills,MO,65680,36.6704,-93.0377,1201
b98255c002143643b832827bfedee038b67e26514555d7a267748779f503e99e,374238209524200,Daniel,Martinez,Male,1942-04-03,8510 Acevedo Burgs,Kent,OR,97033,45.0838,-120.6649,60
dc7429af84a3aabe1fb69f139b92a244e031fac405933dada03cfef45ea61e3b,377654590313960,Lawrence,Davis,Male,1969-02-22,7421 Serrano Lane Apt. 580,Powell,TN,37849,36.0435,-84.04,25459
45c9656a3bbbca6f2489bb6fd840e4b1bf3a3cea03d16548b37a663ab1e8f4f7,2283743876903625,Shannon,Williams,Female,1997-12-27,9345 Spencer Junctions Suite 183,Alpharetta,GA,30009,34.077,-84.3033,165556
ac710df6d4c86fe249421ad13dfad4e0617e75f06d0f0d9382f8eb3db1e391ba,60495593109,Randall,Dillon,Male,1942-11-24,4440 George Mills Suite 591,Dallas,TX,75210,32.7699,-96.743,1263321
885d94d9077f23e35e20bbfec20d5171c4c7eb8cb9f21f72fcd9d4a0295bfa7c,4873783502705038,Elizabeth,Maxwell,Female,1974-03-10,194 Goodman Fall Apt. 569,Burlington,WA,98233,48.4786,-122.3345,14871
e852211d19cbeb2aec10f15c2f6a557b30115b3b67002f703b319be2d77396b7,4334230547694630,Scott,Martin,Male,1967-08-02,7483 Navarro Flats,Freedom,WY,83120,43.0172,-111.0292,471
f47a8335e9089101bfb108fd324273061c2ddcda798de02cf4a41fc5e8b2c007,213141712584544,Margaret,Curtis,Female,1984-12-24,742 Oneill Shore,Florence,MS,39073,32.153,-90.1217,19685
da670e3948e1575fdb1953e90c697cd179bdbb9e6e798f777134fa5374a65e86,3585052663373890,Jeffery,Brown,Male,1963-12-28,296 Maria Street,West Eaton,NY,13484,42.8546,-75.6605,176
a198a88a8e16c4130574c5a04c5ece8d7516f96ce36a1073a57741957eaef22b,4476840372112,Steven,Walters,Male,1979-01-21,3206 Hall Divide Suite 282,Woodville,AL,35776,34.6689,-86.2296,3395
a47fbd2b50df0539b1133fbb5041018001fe013c3c6ef31472c234a894514329,4917187576956394,Joel,Rivera,Male,1944-11-11,121 Solis Summit Apt. 934,Tryon,OK,74875,35.8759,-96.9623,1165
08f1eba7742242e21a77ef0f405eeaeb599d12b954a1a86b0b6c648c89cdb0e6,3576431665303017,Jessica,Ward,Female,1981-10-24,72269 Elizabeth Field Apt. 132,Phoenix,AZ,85020,33.5623,-112.0559,1312922
7b5daf95d10c1fd2a5befec2acfad76d4c6dce392182404466d3cbf21bb0736f,6538441737335434,Gina,Grimes,Female,1997-09-22,444 Robert Mews,Clarks Mills,PA,16114,41.3851,-80.1752,606
4513f094b1414d87b07dfc083a3e0be4edd77d4a901e780bc27e8c1f14f14a7a,4335531783520911,Amy,Daugherty,Female,1998-05-20,852 Thomas Well Suite 339,Owensville,MO,65066,38.3511,-91.4867,6703
1940130b0493a8636b8c170f1a5b1fdb3ba3ecdd20059daeb2c24117d57f011b,4797297220948468262,Erica,Briggs,Female,1991-03-13,3310 Davidson Spurs Apt. 107,Oolitic,IN,47451,38.8938,-86.5246,1228
5515f0051d621670020964880fc4e1c2c566ee5405f8bacf53d51f4b60c34e44,30364087349027,Samuel,Sandoval,Male,1982-02-05,0005 Morrison Land,Mounds,OK,74047,35.8896,-96.0887,7163
1a2fbb96b5454fea60cd81cb8eaa5811f56796b20d53cc7e6eb222cc449a0c97,6506116513503136,Kimberly,Rice,Female,1984-05-04,63991 Destiny Rue Apt. 651,Tyler,TX,75703,32.2768,-95.3031,144160
6c313a33ec18608c1512732250426c668b54a150a39421d336e1d959c99fe77f,5501083170975659,Wayne,Payne,Male,1966-01-04,587 Bradley Inlet Suite 281,Cuyahoga Falls,OH,44223,41.1464,-81.5107,47772
6fb3d15c648e5f8bb10aff312b86a89ed117f0ca9fffb811bc9b4572ed62eae5,4610050989831291,James,Lynch,Male,1989-07-08,5155 Mary Common Apt. 927,Utica,PA,16362,41.4798,-79.9403,1102
07d537c4deaa6e78e4b867ed4282519f1924bd5852048f0ca6c054167b008812,4451438912406400,Cheryl,Morgan,Female,1999-09-11,7535 Amanda Manors Suite 293,Norman,AR,71960,34.4596,-93.6743,1383
554a04f6b13d1c884aece062fa2248e0a3ff8cafc1dc35a6a8c4589a4b99c392,3559160581764413,Allen,Bell,Male,1974-02-15,70147 Amanda Fields,Saint Bonaventure,NY,14778,42.2701,-78.6847,1453
ea3e3a78c1400ad7036117b3299a52afc84dc585e295e80e4a113bef16400292,4623560839669,Vincent,Waller,Male,1954-07-15,9379 Vanessa Run Apt. 400,Lohrville,IA,51453,42.2619,-94.5566,695
5d8f2b43672513ccc2f5e3dc5b6201e2a9bbafac81bd554b90923b6f1650be73,5289285402893489,Amanda,Adams,Female,1986-11-24,08580 Jeremy Falls,Bay City,OR,97107,45.5197,-123.8761,1530
88db9ea36536553b8a773e9c8dd82dd269d6204bd1549110b76f81de9166683f,38588538868506,Jacqueline,Curry,Female,1990-11-23,3047 Jeff Place,Marathon,TX,79842,30.1886,-103.2214,498
7b9474cd5b6c458343e33ba5a9d286e8f5c3892ac63714cb7952a888ab7e7ca1,377113842678100,Billy,Gallagher,Male,1965-03-25,673 Delgado Burg,Greenwich,NJ,8323,39.4055,-75.3209,804
fbdbf507d11668979c58c2dd5dbd012d71cc8a48e7bcc5bf5fdc58a22e74e4f6,6011381817520024,Kristen,Allen,Female,1973-07-13,8619 Lisa Manors Apt. 871,Lagrange,WY,82221,41.6423,-104.1974,635
97616ff98ce356697fdbee02eb148519ba1b788400bbb3d72bd186c0c7919682,6564459919350820,Douglas,Willis,Male,1958-09-10,619 Jeremy Garden Apt. 681,Benton,WI,53803,42.5545,-90.3508,1306
de8da4f433f9373c4479d987131cfb09902931d00b87175f686cb4aca344a812,4255397449664185994,George,Smith,Male,1952-09-27,7377 Walton Extensions Apt. 979,Dallas,TX,75236,32.69,-96.9177,1263321
9a28750d7872b341c0cfadac01dd4772f2057a34552f3bb51f8a655742be0f82,213126662687660,Christopher,Luna,Male,1971-01-28,242 Brian Mountain,Laredo,TX,78040,27.5155,-99.4986,248858
7043d6985865100dcaa89aa6abc5f1ab041e68bc7cb81ba04eca2cc444d66202,4379260813815979609,Thomas,Jenkins,Male,1974-01-03,93914 Gregory Via,Oakland,CA,94619,37.7878,-122.1884,381459
bc1d6aac7b977eecd7d15ab1563205d9d5aff29226f0fe6d48af40f4d1a54618,30501624614310,Amanda,Smith,Female,1973-05-04,180 Graves Shore,Scotia,SC,29939,32.6786,-81.2455,302
77718580ed8c985ec2c20f35a817f0022d8f8115607825eff1417d5a0fb6cd62,6593939509150446,Margaret,Ward,Female,1983-06-23,244 Jeffery Rapids,Azusa,CA,91702,34.1248,-117.9031,59705
59a7063b97b3fdccc8964cbc2661ba3c6ab9bb8b77ea38e84aaafafaf33303ca,343668971234893,Sally,Moore,Female,1949-11-16,835 Reese Views Suite 884,Hopkins,SC,29061,33.9349,-80.8449,13717
836c8107b2d8b639297f62be0272383cf4a07497558fc2a9948f5b9ab08bd171,38580485618059,Teresa,Clark,Female,1968-05-13,1323 Derek Mission,Noonan,ND,58765,48.8856,-103.0098,248
146b21385a06bd418a712ff4ef64406dffe9c06bef1411bd8cde53e90534964e,6011552879910390,Robert,Long,Male,1981-07-05,529 Joshua Knoll Apt. 511,Lonetree,WY,82936,41.0552,-110.1603,49
e4537889a688418de9086d7a4523b989a271c5195214320d1af482708e7c773c,38014427445058,Sonya,Jensen,Female,1946-08-11,4470 Jillian Courts,Adams,WI,53910,43.8967,-89.8219,3508
a9aef5b424eaa97f76fc0117216a5f351d461d8d7c397db3c84496347df3c13a,2712209726293386,Jenna,Brooks,Female,1977-02-22,50872 Alex Plain Suite 088,Baton Rouge,LA,70808,30.4066,-91.1468,378909
55701ad58fb2a4cc3dd8196bb4ee7d98b3f5a4f5e4236dde17c2d5084a47aa0a,213191402330021,Thomas,Sullivan,Male,2004-03-18,464 Newman Crossroad,Milwaukee,WI,53228,42.9676,-88.0434,817312
16e1d5e06e3af7677a73c3e75eb8bed82591424c1c379685471ee0cafe74f7c6,3585740823295298,James,Greene,Male,1998-03-18,082 Hernandez Bypass Apt. 886,Quanah,TX,79252,34.2956,-99.7494,3202
8d9d55d859fee015a2992d3db161489c8237a1ce5c6d160557832e62afb5ec81,4822367783500458,Christopher,Farrell,Male,1991-01-01,97070 Anderson Land,Haines City,FL,33844,28.0758,-81.5929,33804
70a6f573e67fcb2e31696628cad21c3a2ea8802c8f4254002b9f2b20d469739e,3597980945245815,Mark,Allen,Male,1957-04-25,25360 Mcgee Forge,De Queen,AR,71832,34.0442,-94.3386,11253
40b104e30af65002c365f9fb4fe2e726c7a8569044e070ad75af6d4139184d1b,3560318482131952,William,Skinner,Male,1955-02-01,524 Wu Spurs Suite 894,Mount Hope,AL,35651,34.4793,-87.4769,1312
e24d057e3d4c919d29badf41ca9aba46f6ee125fe755b47aef0a140bb95962f2,4939976756738216,Michelle,Johnston,Female,1990-11-07,3531 Hamilton Highway,Roma,TX,78584,26.4215,-99.0025,18128
45764f8ad499c804980a3e8746334f7b41b73ea76389410b4696d75945eb707e,4646845581490336108,Julia,Bell,Female,1990-06-25,576 House Crossroad,West Sayville,NY,11796,40.732,-73.1,4056
f34ece31591acf919624772c202b570f599186f0000406ab12edd3fb3ed9d11d,4025612008285111,Krystal,Key,Female,1949-03-20,23142 Montoya Island Apt. 742,Corsica,PA,15829,41.1762,-79.1976,1274
76ce25db9c1df5ec8c398754381904ea737036fb73fcfa2802772b396544f62a,30371006069917,Robert,James,Male,1961-01-31,92021 Miranda Meadows,Tamaroa,IL,62888,38.138000000000005,-89.2231,2135
75ff83c945a4e02a2bab836cae28a13284118c93bc3db020e41a4980cdd3e0fb,4446368897795790,Ryan,Joseph,Male,1986-08-17,8850 Jessica Center,Atlantic,VA,23303,37.9073,-75.5089,741
6904b8c184c5ad1f0b2de4dd3c9f3e4ca0ce22b986e3a70d5cd97cb0bf429a24,2291163933867244,Jeff,Elliott,Male,1968-03-19,351 Darlene Green,Columbia,SC,29209,33.9659,-80.9355,333497
65e15b1a7a711ac182dcdf8a995bbb362643a849696c8e308edc008f823b41e2,6573561108825071,Kristina,Lewis,Female,1968-06-18,5449 Brandi Heights Apt. 111,Tulsa,OK,74130,36.2395,-95.9596,413574
14951b117538b4cea723f401fc3ddf5a938586a598b17cf9977f1335b6faba4c,2248735346244816,Jacob,Weber,Male,1962-11-11,29156 Mark Park Apt. 108,Utica,KS,67584,38.6411,-100.13799999999999,269
67398db6d205cced27834b86c4880f6e3ae959344736dd08fae91495c1862bf4,3591919803438423,Brian,Williams,Male,1987-07-25,32941 Krystal Mill Apt. 552,Titusville,FL,32780,28.5697,-80.8191,54767
f00ec09e8f35e11a3b92312498ba574d9f53f56744b5470bf3d700133380029b,2235613922823698,Melissa,Mcclure,Female,1980-12-16,2027 Snyder Track,Manville,WY,82227,42.73,-104.7024,241
30db62f207c81b8fba51f6cc6749fb08fc6705f189ceca5d3257fcd1c8ac5d2c,6526777409109795,Michael,Garner,Male,1937-02-01,0157 Samuel Mission Suite 379,South Richmond Hill,NY,11419,40.6868,-73.82300000000001,47211
cee7dcf6c1a7386b668e2df233a6cbe9d99b3790a7eb379cb76c1c431e53d06c,3573030041201292,Joanne,Williams,Female,1990-01-17,3638 Marsh Union,Altonah,UT,84002,40.3207,-110.436,302
c572e6d2b15114a7af46feff6eb19f4a9e9fc8a1e0c049957ef4eb4887df78a3,180067784565096,Mary,Juarez,Female,1942-01-06,35440 Ryan Islands,North Prairie,WI,53153,42.9385,-88.395,2328
a0bed95a109602b236d1d938aa3efdb35b8b7a3158a1ffc9743df6b40870adc1,4681601008538160,Tammy,Davis,Female,1977-08-12,77663 Colleen Freeway,Moundsville,WV,26041,39.9148,-80.73100000000001,16183
d4054a43feea142e57475de40c032c8d8754badf27684bf19a881f0076225e4c,3598215285024754,Ashley,Lopez,Female,1970-10-21,9333 Valentine Point,Bellmore,NY,11710,40.6729,-73.5365,34496
5dc93cd914ad58b953306414f5ac1cd19531864bc65c59c012ff9c790faf4f90,3547574373318979,Jacob,Patel,Male,1962-04-30,54822 Hill Forks,Dieterich,IL,62424,39.0319,-88.4074,2092
7813e0ed631c1a46b236b8db9b427c7b221db728e61bffee45a71a1785ffed62,3582754887089201,Terrance,Mckinney,Male,1966-08-08,42965 Christopher Fords Suite 659,Norman,AR,71960,34.4596,-93.6743,1383
ead3925f277e6811bd60961d8c822ca599044285918b6244f2f737f2e22d9d65,5154903938030655,Felicia,Combs,Female,1993-10-05,825 Martinez Springs Apt. 625,White Sulphur Springs,WV,24986,37.7827,-80.3129,5216
4669f30e1b61437e5dfaa2b35578de781bacbad33368d5ea974dc4f958f51b13,4861310130652566408,Ashley,Cruz,Female,1977-12-16,65417 Walsh Radial Suite 691,Saint Amant,LA,70774,30.2385,-90.8435,10076
bb91129417d009ce9396c1d52f055c259af204c37facb9894e151f2050c6bf0f,676245600876,Ashley,Blanchard,Female,1960-06-14,292 Lowe Dam Suite 858,West Palm Beach,FL,33417,26.7197,-80.1248,459921
6e9df100dd218e22723ac3758930ffedfd874644b9835feca680f296ab54e9cf,30235268718158,Kenneth,Doyle,Male,1977-08-16,8614 Reed Glen,West Harrison,NY,10604,41.0592,-73.7395,11250
b9ebf9a252a1b35a15ca811726ff89e01a987260d29423b179aa3b037e007194,2285066385084291,Richard,Brown,Male,1988-02-15,17819 Jose Mount Suite 657,Heidelberg,MS,39439,31.881999999999998,-88.9981,4573
85a67ba196c32175d8f58e1ce2b8d3c2f26568ddd6d2aebfd3144e83caa7e478,4956828990005111019,Kenneth,Robinson,Male,1980-12-21,269 Sanchez Rapids,Elizabeth,NJ,7208,40.6747,-74.2239,124967
76848be5f67a9fa84aee69a209ab95f13ba40566c9ea287ace99c5724abbb348,4301028321766222513,Joe,Howard,Male,1978-10-26,109 Brian Lights Apt. 504,Shippingport,PA,15077,40.6025,-80.3863,198
076bdcebb1256cba63d20016f37728baf69f0fd59a567c26e4d5299457132bfc,3500165543009955,Ricky,Dunn,Male,1983-09-02,97689 Davis Point Apt. 967,Detroit,MI,48214,42.3669,-82.9938,673342
13b859ec96b02e74fbb7ef128e6a0e9a2ee5d7adf19be0d22212ce1e6fc33c89,4514242065619750,Janet,Carpenter,Female,1988-09-02,9870 Collins Flat,Laramie,WY,82072,41.4247,-105.4781,35371
f5bd4ed322ffdacca12c2b9c8ff1169b8ae1e920e59098219e15d421799a37df,4292902571056973207,Jeffrey,Smith,Male,1995-08-16,135 Joseph Mountains,Sula,MT,59871,45.8433,-113.8748,218
ac17be11f22bf64816a8ab86dc966bdccac42c11d57dfe1288440d67c5d303a8,213163860545705,Mark,Tyler,Male,1986-04-28,82201 Bradley Radial Suite 703,Avera,GA,30803,33.141,-82.515,741
aa9a72f3854b51bd2851fd0b7258bac8346b6b4c7d8eeebd2810c524612195e6,180048185037117,Mary,Wall,Female,1974-07-19,2481 Mills Lock,Plainfield,NJ,7060,40.6152,-74.415,71485
51b3d8d9e93ee2f66d323715ff2874d78bc8e177384b2592344811e808fcb6f9,3572976568630035,William,Lopez,Male,1967-06-20,785 Kevin Walk Suite 237,Brainard,NE,68626,41.1832,-96.9882,614
a1dc38d8b316934a0f0d2ef8006362b3b7c207f503ed02da0b68ede0c63656a5,4798937978667559470,Robert,Williams,Male,1995-03-13,09419 Lewis Rapids,Bay City,MI,48706,43.6088,-83.95299999999999,67858
ca5b19546a3a176425c52c06e735d3dc6c2c25c49f7332cba2b41fe94a643841,377026671291680,Jackie,Davis,Female,1974-10-27,1898 Parker Fork Apt. 057,Redford,MO,63665,37.3272,-91.0243,241
e6d7cefe7ef9d8847d35cebde81320b6489cbb981108cb081b98d6bfa01254d5,4788103653396,Kristin,Williams,Female,1941-07-31,36366 Smith Road,Miamisburg,OH,45342,39.6321,-84.2675,36784
c96f785dced21362839f9773f05db09c884c0307158031ce9b05b8b7e50c927c,3533742182628021,Robert,Haynes,Male,1997-06-04,857 Aaron Circles Suite 398,Johns Island,SC,29455,32.8357,-79.8217,20478
2fec4e5c386051d2ce9323eff97da53011b9113324c3d6d06ccd33768ab0f5ad,30153452207526,Robin,Smith,Female,1962-04-05,0537 Margaret Common Suite 526,Coleman,TX,76834,31.8287,-99.427,5908
02a64c4b8c91ece736966e337d12a260bb9143f63e2a317a9c6f88ed1d525add,370612217861404,Amanda,Fitzgerald,Female,1985-05-25,298 Kayla Lights,Bristol,PA,19007,40.1159,-74.8536,21125
bb954d3454b4113a23ca3b299a1cc953152d2a3a3cea46c4c1c59c6518317137,4981132848794,Joseph,Spencer,Male,1946-04-03,7854 Stephanie Island Suite 788,Holloway,OH,43985,40.0113,-80.9701,128
2bdb48dcc070dcb74fd2e613aa68ff95f72ff061fb7997d75cb383edf96325be,3514865930894695,Christopher,Castaneda,Male,1967-08-30,1632 Cohen Drive Suite 639,High Rolls Mountain Park,NM,88325,32.9396,-105.8189,899
e370bdbb6bb3614ce56dece34acc51b2e24b1cae98dfdfb8c70a4e4f06a2ae21,4642255475285942,Sabrina,Johnson,Female,1987-04-23,320 Nicholson Orchard,Thompson,UT,84540,38.9999,-109.615,46
24f18fdf5edcaf1d79f8706c7f51c034983e435019666a3b097bcf2729c675fa,6506982560413523,Alice,Kemp,Female,1985-04-15,057 Martinez Radial,Texarkana,AR,71854,33.431,-93.8765,36438
f5733c45f05f749e716c275b083677287ec95a9d75b284b1a4186b51ef175da4,213156747557083,Adam,Santos,Male,1982-07-30,725 Jo Trace Apt. 102,Glendale,CA,91206,34.1556,-118.2322,172817
4b0ba2c7dc8a9a15a014184f6e8ef583a9817846bd82c945392728c6efdcaae1,4587657402165341815,Amber,Lewis,Female,2004-05-08,6296 John Keys Suite 858,Pembroke Township,IL,60958,41.0646,-87.5917,2135
6f95545997c80d6577e08f6d913c014aa8bb9ddaa8ab3ccdcbb81c652a3de2c2,30560609640617,Michael,Olson,Male,1966-02-13,558 Michael Estates,Luray,MO,63453,40.4931,-91.8912,519
58c3b084925c976be0ff06e42a70baa3be1f795c0d42ab4253d4f38a3cc9a035,2222001896600109,Susan,Hernandez,Female,1972-01-03,2193 Osborne Run Apt. 789,Moro,IL,62067,38.9318,-89.9618,2401
b8306f408d234d1fcc38b9f49ffe9f85e7d02e83f04d65c850b5bc103a79efea,4069975342931683,Kimberly,Martin,Female,1980-09-18,1943 Dennis Inlet Suite 145,Hurricane,WV,25526,38.4257,-81.9943,21902
e282743ef7bf0c90b38c3fc2dfcaa78440d2d0337c7c0ae5c35e22b31d200733,30181367542315,Danielle,Walker,Female,1953-12-25,9824 Mitchell Run,Powell Butte,OR,97753,44.2415,-121.0113,2016
b161260e43c0256facbd32f031f1fa77ef929c3ec0c38716dd3158e5ca564057,567868110212,Dawn,Tucker,Female,1984-12-16,789 Herring Manors,Houston,TX,77007,29.7736,-95.4034,2906700
8fe58e15f5691dd23b34e24ac5056d6da7e1a6d13b01c2733252057ba529ff88,4807552641361,Kimberly,Castro,Female,1954-01-29,588 Smith Lights Suite 786,Rosewood,OH,43070,40.2158,-83.9579,133
0cc31e882dfd1af0768320e93370f25b80e65eec8094f5b59e562466d33f977f,4874017206859125,Lauren,Williams,Female,1982-05-28,065 Jones Stravenue,Lake Oswego,OR,97034,45.4093,-122.6847,42817
056c4f298ca6479092e2b35bd0968590f37325b1d33a18c4570a35525f4a4e6b,3577578023716568,Debbie,Hughes,Female,1983-08-25,0182 Owens Burgs Suite 480,Diamond,OH,44412,41.0935,-81.0425,2644
616e67ad5789396e4fd0542bbb31881410f00c3c3f6e19a0b7f8c98a496da814,36890292963032,Kimberly,Webb,Female,1950-04-05,380 Martin Mission,Girard,GA,30426,33.0437,-81.7106,1100
5c203b38ece0045198e28e3966f62edfd24a3687b8745e17b076f2a567c8b816,3508104404056005,Michael,Fisher,Male,1991-04-11,401 Escobar Port,East Troy,WI,53120,42.8035,-88.4092,9679
f87574401020d06ec5afc37d3d8ca836e036d3912e1f34938bd7c8ab443b9537,4099707841315751,James,Stephens,Male,1975-07-07,1166 Castillo Mountains,Ruckersville,VA,22968,38.2586,-78.4074,9815
e0273d4f0b9229a84da6919c892d727b59a6f58b77faa60813045f5e6a902ea5,4003989662068504,Chris,White,Male,1989-02-08,98897 Bennett Lodge,Bessemer,AL,35022,33.3224,-86.9657,71463
666bcba15cf4d495e7d20bd689ce748d829a78bc93f8c153adbf3d6da7e18159,4119762878330989,Melinda,Gutierrez,Female,1945-08-19,1497 West Gateway,Eureka,IL,61530,40.7152,-89.2706,6713
a3509982c7241d5b365b9f5ed94e9e91fb21fdf29a24ba3e9e72ee8aa489690f,4745996322265,Carrie,Washington,Female,1998-10-07,6114 Adams Harbor Suite 096,Kingsford Heights,IN,46346,41.4802,-86.6919,1423
e3992606f91d12ef9302fc0cf5cc487d3489f49008045280a5dac1a4786b0ce4,4384910379661778,Michelle,Russell,Female,1949-04-24,55505 Christy Via,Hawley,MN,56549,46.9777,-96.4092,4508
ec0d1e019710191c93d9c81c01dee2eff0b9e5468b232fbd3fdbd49d5a1a1882,60416207185,Mary,Diaz,Female,1986-02-17,9886 Anita Drive,Fort Washakie,WY,82514,43.0048,-108.8964,1645
dd0a9932dc3776d9e7aa45ed1aa6576d11c95fc880ecf34ccf331224cd7f10b1,4292743669224718067,Michael,Williams,Male,1973-06-09,35822 Clayton Street Apt. 679,Great Mills,MD,20634,38.2674,-76.4954,5927
c1bfd685662c52d6331fc37da1e55b205128f3040561edf4069711ebd6aedaca,6011382886333463,Martin,Duarte,Male,1942-05-04,6251 Payne Flats Apt. 581,Luzerne,MI,48636,44.6001,-84.2931,864
ce0a96e26cc85fe1451e89f4298630fc82a5d2eac842c8bd7628ce0a62f58b1b,6011399591920186,Maria,Roy,Female,1973-10-14,58665 Nicholas Ford Suite 348,Sheffield,MA,1257,42.1001,-73.3611,2121
3ccf8fa5f4dfc69a99127283d2a89be9bbbb1a48494e0cdc0ade2cbea8f9c6d0,180046165512893,Erica,Walker,Female,1968-03-24,084 Holmes Avenue Suite 206,Stayton,OR,97383,44.8021,-122.7624,9587
cf1439b5a0cc5b3bd21b229363bd2afd23205f12aef22571371962b623fafa58,4302480582202074,David,Rodriguez,Male,1995-05-25,821 Solis Points,Muskegon,MI,49440,43.2326,-86.2492,128715
05f19ff4df874aedc968c2cfb7f823632cb2fc4ed992c1627af8b0c99f5b2736,213157767990030,Tara,Campbell,Female,1984-08-01,05050 Rogers Well Apt. 439,Rock Springs,WY,82901,41.606,-109.23,27971
31c34b7b73ee21874a52cf336c04c3da1ed4bce27deab17f5c1bb2533ef183a9,4997733566924489,Stephanie,Taylor,Female,1971-08-06,598 Martin Pine Suite 365,Saint Paul,MN,55128,44.9913,-92.9487,753116
67e3faec3e604755c4d32ecd107fb2a54aabc1262c1a21372aa60845e4522c9f,2720433095629877,Mark,Wood,Male,1997-08-22,854 Walker Dale Suite 488,Bowdoin,ME,4287,44.0575,-69.9656,3224
7b6cf339999c700112b6cebf2e31e84fdcfdc7155153c0d7f1b112499306160c,6011724471098086,Ann,Lawson,Female,1981-11-29,144 Evans Islands Apt. 683,Burbank,WA,99323,46.1966,-118.9017,3684
ff637a7c16ad68bdae07679288aab6449079a93487cdd6afb370176150d6eb19,6011492816282597,Gary,Barnes,Male,1986-06-11,2970 Flores Brooks,Smackover,AR,71762,33.3398,-92.7442,2501
e1e5857aac9501faf52e6d4fcf04e6ff59eba52029eadd1136c803e9ba3d8ffc,5559857416065248,Jack,Hill,Male,1945-12-21,5916 Susan Bridge Apt. 939,Grenada,CA,96038,41.6125,-122.5258,589
3078e91fe069b54321fb41106b13824e25405f3ed50b71ea8d6b073a665ebb42,4683638447911,Daniel,Boyd,Male,1972-07-01,8925 Nicholas Points,Egan,LA,70531,30.250999999999998,-92.5002,1261
cbed53fb214a8ff4754af723de9bef60f79dc6bb7856278872e403f9310955d2,5127412150261034,David,Campbell,Male,1991-02-04,2989 Murray Inlet,Washington,DC,20017,38.9367,-76.994,601723
8eadc9a734f6bfddd38fa1d86d9776cebc92194a1133b06217ecac22abf70635,30135235368675,Amanda,Williams,Female,1992-11-27,02018 Gary Key Apt. 911,Independence,MO,64058,39.1412,-94.3515,123373
3c0899f20c2b9746504eb488f744f2422c751b9b830e5a7d363c32ab44fd48bb,4783226709001,Jessica,Garcia,Female,1961-04-22,13108 Jennifer Passage,Mc Cracken,KS,67556,38.5957,-99.554,320
9f0dd725e62a52c5a8dd0098a1fffec22017832de8eef2122604f83d3b51df41,6547670341037171,Bryce,Joseph,Male,1945-05-05,148 Baker Field,Chester Heights,PA,19017,39.8839,-75.4669,348
3eb8a077bb458973e99f169072492b94fb59f83f042a61b4a1759f3618ded802,4294930380592,Misty,Rivera,Female,1940-08-23,1980 Vasquez Manors Apt. 574,Catawba,VA,24070,37.3696,-80.1284,1363
3cb5f17c07e86c1e9b3bb46c3847fba00947a9c91cd26ca07d6ea6de5789cf41,180094419304907,Sharon,Smith,Female,1972-09-22,17666 David Valleys,Sun City,CA,92585,33.7467,-117.1721,54287
3f2f507ff2a95b128fa5a6f57c303d6ad192ebe012aff0313b09b3a40dba1c40,3541160328600277,Jason,Singh,Male,2003-05-07,4720 Anna Ways,Murrayville,IL,62668,39.5723,-90.2379,1512
81fd6044fcb0af25c058b9135e4b5ac836dde842e6d94c1f62dd099123c1cda4,4613314721966,Jason,Murphy,Male,1988-09-15,542 Steve Curve Suite 011,Collettsville,NC,28611,35.9946,-81.7266,885
ee3ff01c4908bdf4a5579a82b025a26608a6d6f7c047ad21c6b26f3c96ab309c,4191109180926792,Jennifer,Spencer,Female,1992-10-03,477 Wheeler Burg,Amanda,OH,43102,39.6251,-82.7552,4512
ef95881516dc307400895583b70ba80eb7137c65f31dd155efea7f8a36ffa77c,345389171551808,Justin,Fowler,Male,1984-05-19,5569 Phillips Neck Apt. 003,Coffeeville,MS,38922,33.9215,-89.6782,3451
a09eb13ef04f3c8ebe83bc91b9b3701e505253fdb348a4060c79a454ad3424e8,370877495212014,Sarah,Clark,Female,1984-03-06,25961 Beverly Union Apt. 042,North Wilkesboro,NC,28659,36.2017,-81.1286,21134
7c876c37f75e8cd02ff7ab880f896544cd2aecaddf7e30b8e64aec3138dca19b,60490596305,Karen,Johnson,Female,1963-05-19,4349 Anna Flat Suite 214,Haynes,AR,72341,34.8838,-90.7666,222
36b74706a3df4bfdba81703a31b46eb4aeb2e6fc90085f713732dd7a1eda9b9c,4933461930348832,Richard,Carter,Male,1976-09-29,5097 Martin Ridges,Minneapolis,MN,55403,44.9673,-93.2828,1022298
fcb96bb0f31e96eabd5ca37f962c661e2e22bf7633eb6df9c4093a2250fe593f,3540075240003197,Christian,Johns,Male,1987-01-27,892 Solis Neck,Lonsdale,MN,55046,44.4477,-93.4252,5211
945c09ad57957b1fbe0a9e92f3b5e03d87120b04172f3983377c5163e0dcaa82,4344955088481397,Christopher,Rodgers,Male,1976-09-29,30587 Fox Shores Apt. 627,Fenelton,PA,16034,40.8555,-79.7372,2054
53cd2b277fd3bab0cbea0b3da0da0ce4e6fc16ee4f782cc22fc949f4264a5b2c,3536818734263520,Gerald,Frank,Male,1981-08-10,95793 Andrea Ville Suite 533,Des Moines,IA,50314,41.603,-93.633,222785
9ad52d2a6106608b1356bac80ea3a82f1d8a84d286e8283d4ebb8b4163016dda,377550167323848,Kevin,Walters,Male,1958-09-02,87227 Tapia Burgs,Auburn,ME,4210,44.0948,-70.23899999999999,23045
f3debe550a18be970d7c53bbdb8b82cde4ef54e3e1c40708642a0c13bacd77db,676298633337,Jessica,Werner,Female,1971-12-10,4529 Cannon Alley,Center Point,WV,26339,39.4125,-80.6352,255
6d59dd73cfe118f31d374830747200202e031d8cbfee97bf24367280ee76acd6,30551643947183,Morgan,Smith,Female,1973-11-14,1441 Bradley Place,Grover,NC,28073,35.1836,-81.4552,5621
f901b7a3e13d5d2604d0558d53bf1945045ed6c93662236998cd0781b2c37ea9,3575789281659026,Lindsay,Wilson,Female,1989-07-17,7618 Gonzales Mission,Centerview,MO,64019,38.7897,-93.8702,2368
e3d4d5120fc5ea12638332e8a65cc89583f461a0cc2aaa59f967819d2e65281c,213186880359195,Craig,Franco,Male,1973-02-14,9242 Vanessa Ramp Apt. 525,Smithfield,IL,61477,40.4855,-90.2856,631
583bad9d45802ce3e6caf5f0e77b404e212ed4f65d59c767c2a21232d3efd02f,676369110710,David,Wolfe,Male,1974-12-28,81261 Garcia Underpass Suite 741,Southfield,MI,48034,42.4969,-83.2911,75830
059fffe10223c5fa1addae44be3ac8f93982338bd2493fff4fe588b8efbbe230,213178850083780,Shawn,King,Male,1976-10-18,31493 Garcia Summit,Athena,OR,97813,45.8289,-118.4971,1302
5b538e6f117b67f4003ebd7f71ebfc0b60a6327a3e3d98896b66311ad7ea3268,630423337322,Stephanie,Gill,Female,1978-06-21,43039 Riley Greens Suite 393,Orient,WA,99160,48.8878,-118.2105,149
a78ba57ea5f8fbf254edbfc8029bfe6fd701b22c89ba45ea8804c2698dbeff4a,6595970453799027,Gina,Gomez,Female,1969-09-11,72030 Shelton Crossing Apt. 742,Stirling,NJ,7980,40.6774,-74.4968,2307
4ffd2ca318b4cdfff86b954bec9a4951203b82f2c808e696bc153c85daf3dd8f,6592243974328236,Philip,Hart,Male,1994-10-07,97405 Vazquez Plains,Montgomery,AL,36111,32.3374,-86.2715,214703
95296ef8074213a2b22d2bc9e5080510d515381d5aa168678f627edae013955f,4560395181594436016,Angela,Taylor,Female,1972-10-18,6343 Ramirez Skyway Apt. 518,Lakeport,CA,95453,39.047,-122.9328,11256
d8aafa8f1183330bfe38c77bc6e3f31e366f5b2cbbc10cfbeb5fc14163cdb749,4116554952971686,Bridget,Bowen,Female,1934-03-19,49120 Regina Island Apt. 170,Port Saint Lucie,FL,34953,27.2625,-80.3793,181438
eb021a3b85df3952db12a9b965e1f0f93cfa97a24cdd54b8aacd9828537399d2,213161869125933,Monica,Lane,Female,1970-04-17,3270 Scott Islands,East Andover,ME,4226,44.6084,-70.6993,190
08b22e33efc967057e21d4aab8b273c74b930d7ceb7c4b1513d3eef1b8b0b772,30074693890476,Kelsey,Richards,Female,1993-08-16,889 Sarah Station Suite 624,Holcomb,KS,67851,37.9931,-100.9893,2691
043728f5c6b9b484ed363f5bb1140cd675cdac639fd7affbbdb7524ffedef59c,4104312520615374,Brooke,Rodriguez,Female,1988-09-19,901 Todd Gardens Apt. 466,Mountain Center,CA,92561,33.6401,-116.5567,1661
583240a8c8c8b2e36098afb4b9e0bb559018603bbd9f13398b750f42738395b3,4755696071492,Robert,Evans,Male,1985-06-20,01892 Patricia Vista Apt. 828,Sachse,TX,75048,32.9643,-96.6012,20328
9f64f4135076050475bb7492f3eb7081479e8478a9b5c29e55c3c04f8a4530da,3549202406645667,Larry,Williams,Male,1933-04-02,6274 David Oval Suite 725,Scarborough,ME,4074,43.5835,-70.3457,18760
547fd832adacd8e66ab18c9bb5367fe41c513217828c90bada383ba9d9fdfcbc,375248307838179,Joshua,Mendoza,Male,1967-09-16,4215 Miranda Field Suite 326,Tallmansville,WV,26237,38.8564,-80.158,571
e692f9b3f0b26159452945669ba9284d49e5beafefee8cbf2b808b79dd94fb79,4198470814557,Christie,Williamson,Female,1971-08-20,519 Jerry Views,Avoca,IA,51521,41.4768,-95.3509,2036
6e7cc4999e3ef245a1b6831249a99d4a68a955ee3e8522fb0e068f88eb016772,30518196150127,Karen,Sullivan,Female,1975-06-02,6313 Scott Trace,Rossville,IL,60963,40.3625,-87.6692,1807
bbebc2b2410a6010321eec043d106f06a1e747ad85b7c86b1794f47e529cd5b9,344709867813900,Joanna,Hudson,Female,1986-01-30,2924 Bobby Trafficway,Sebring,FL,33872,27.4703,-81.4872,50835
556c5cedeb693dece89ea84041725aba72297a689078291a323f8e7a630474fe,501831082224,Corey,Jones,Male,1962-05-04,709 George Underpass Apt. 080,West Decatur,PA,16878,40.9493,-78.3129,1762
ca23ff13de7cdf616f3d34a425d6f5b0e29af97a7d07b66b384843807d39ad89,4584931703207308232,Amanda,Gomez,Female,1975-04-16,8152 Brittany Centers,Dallas,TX,75218,32.8463,-96.6972,1263321
fd3a6d8a6585e0eecebf6e04bbfe86d45e8cc9bb8a8dc7ee866fc1224e3a1c95,2254799658404120,Barbara,Nelson,Female,1987-09-08,7337 Browning Falls Suite 027,Valdosta,GA,31605,30.945999999999998,-83.2474,94325
7b15214b7b7d479fbdbcb994f7c3d6b7438eda2d323bd948e34f9110489be5d9,4210078554961359092,Valerie,Clark,Female,1965-11-11,7402 West Ranch,Lowell,OR,97452,43.92100000000001,-122.7806,1420
75e94afbd1f4eb766ee65cce154e41f5b9bded26808241a6821bd25eceb1863d,4642894980163,Eddie,Mendez,Male,1990-07-13,1831 Faith View Suite 653,Clarinda,IA,51632,40.7491,-95.038,7297
c4eb1b7780890b3108088da9e427a95aebfdb8b4668c08ade4a50ed3de749932,6011305591981276,Daniel,Jones,Male,1959-06-06,290 Kathryn Fall,Huntsville,AL,35803,34.6205,-86.551,190178
4e406145a357d7d93406ebe45c674256b9688f8a7defa99359a2459c9beaa2bb,5130484058948421,Ronald,White,Male,1978-12-25,25713 Hamilton Grove Apt. 903,Beaverdam,OH,45808,40.8314,-83.9758,349
22451b3b7b3a70b63c32a44bc929f89fc646aff4780669f14d8ae9fdab17188b,675945690716,Ellen,Smith,Female,2000-06-09,285 George Lake,Beaver Falls,PA,15010,40.7687,-80.3592,28425
a012be55b9d437182188de82e5660dc3fe1211c4be98a039a071fdc4afa6f1bf,5152054598359927,Jim,Johnson,Male,1972-09-12,868 Brady Mill Apt. 837,Gretna,LA,70056,29.8872,-90.0331,55581
562ed6cc519e70ac77ffa7d9e1b3c76e58b77be92ef725a52551ef95ca18b37e,213174467670432,James,Bishop,Male,1969-01-14,7055 Fernandez Estates Apt. 676,Cecilton,MD,21913,39.4015,-75.8654,663
3dac7ee16990464568d940d486ba4738503e7767c046d42a008a52597e6461cc,4906628655840914250,Charles,Moreno,Male,1987-02-13,838 Franklin Prairie Apt. 902,Key West,FL,33040,24.6557,-81.3824,32891
22dbedb43c049af8f2e63c1337db4c6252dc0fe11b1fce21ba560d23ec2a3c05,30434173205605,Kylie,Kirby,Female,1995-07-08,79816 Jackson Squares,Shedd,OR,97377,44.453,-123.1065,917
cc7a477c6fcafd045b8cc683432e5cfff8d1295e53760706d12cc4ea7f1ece44,2450829271795901,Timothy,Kirby,Male,1987-02-22,7309 Sophia Causeway Suite 702,Sauk Rapids,MN,56379,45.604,-94.1591,16163
039f6fb90b4171ab039f75fe5b45ba210d7aba8d8f69ca3eebe92b436b051614,213178765398315,Alan,Colon,Male,1993-09-11,748 Bryan Fields Suite 935,Riverton,WY,82501,43.0351,-108.2024,19408
2e4aad5ef7508c3c8ec58777a61a3796325482eba62bfc867177a8be5fa3c347,30596478689301,Daniel,Graham,Male,1987-05-23,28223 Ward Summit Apt. 664,Arvada,CO,80005,39.8422,-105.1097,122111
c5ecf204758d05ea0eca809ceb6a2be20cd8038fcea892eb62a42716dd06a0a2,4716561796955522,Lauren,Anderson,Female,1972-05-04,11014 Chad Lake Apt. 573,Heart Butte,MT,59448,48.2777,-112.8456,743
862428afa38e847f7d5bb8f554eba31b6e176dea0e68f86a73349173e1316a41,4430881574719618,Alicia,Morales,Female,1939-11-04,4456 Dunn Roads,Meredith,CO,81642,39.3199,-106.6596,61
ff1e9ff175e8643145dd0a7d35db9aa2b988ba9a0b36348d491c539344acf40a,30082025922891,Kathleen,Thompson,Female,1934-06-23,199 Patterson Fords Apt. 132,Naples,FL,34112,26.1184,-81.7361,276002
d610d4ebaee79f59440c4ee2059db27ecbcdfcdaede71458d6b108b0d6cd1a47,30407675418785,Danielle,Evans,Female,1991-10-13,76752 David Lodge Apt. 064,Breesport,NY,14816,42.1939,-76.7361,520
69b651ee4bded7c2eb81243e4077cc5f7bae25cbbf9601aa9fe57e8e496b6ac6,4586260469584,Melody,Thompson,Female,1953-01-20,0362 Anderson Wall,Mound City,MO,64470,40.1362,-95.2138,1631
8e2bd23d3ec45fe09a1a7b0f009d62093b0ea851721de6cd42c803ee768aa9f9,6011366578560244,Adam,Stark,Male,1997-07-01,0912 Mark Fields Apt. 080,Mc Veytown,PA,17051,40.5046,-77.7186,4653
67f6aa1e74030929428076c6327c46ed96144e33bf1169e3dc9378bbe192e697,4128730454058057622,Monique,Martin,Female,1949-10-04,68276 Matthew Springs,Ratcliff,TX,75858,31.3833,-95.0619,43
4428891026caefaaee72661ade04d5f3ca8dd8f256853d991658668750fbcf5a,3587960728692500,Kathy,Hughes,Female,1997-01-02,02110 Lucas Freeway Suite 517,Battle Creek,IA,51006,42.3327,-95.6045,1075
d363b1b12a3f1257a7974055460b52a02ac1e0ca038886b557c5ebf35af4a500,3527536963490470,Teresa,Stein,Female,1974-12-05,2838 White Fields Apt. 473,Brunson,SC,29911,32.9413,-81.1807,1725
2fc98cc26e66a4019a673127da968609b8780b56a897fa47c649ea5ed7c3eaee,376028110684021,Aaron,Murray,Male,1974-12-23,624 Hale Springs Apt. 572,Meadville,MO,64659,39.7795,-93.3014,964
9feb7f8b2360e2ec9d348ce98d542ca48972244e276dc88f8a3b5021fce54628,6011438889172900,Allison,Allen,Female,1993-04-08,40624 Rebecca Spurs,De Witt,AR,72042,34.2853,-91.3336,5161
aece2872eef5b048d43d56607e600fc0e8a388c2ca6d4b2f39a252f9aceb7315,2229824890647120,Walter,Blair,Male,1958-02-17,44951 Williams Brooks,Pearlington,MS,39572,30.2508,-89.6011,1414
a23cfebf0ac5de55dfa41285d86e8c90de84575ea2ce9306ccf22cdf77b3274b,375904527651269,Ryan,Cook,Male,1948-05-31,75952 Wilson Course,Roseland,NE,68973,40.4591,-98.5551,463
8156df535899231e7d88729e5416e3b02ca14b543711dbbe149ba313303c5648,378278619832195,Mary,Mcintyre,Female,1964-04-06,77921 Costa Villages,Eugene,OR,97403,44.0385,-123.0614,191096
2e467a0539f2cdd2f1c5e591f2cc5f770541b05d0ea620367cdbda7fdddc71fd,4239436242473,James,Leon,Male,1991-10-04,826 Benjamin Stravenue,Alexandria,VA,22311,38.832,-77.12,321490
06d9b4898517d95ffb8d12cb92b1e21a10124dce13658e6143cf2db2ef97c580,4742883543039288059,Cassandra,Sanders,Female,1991-04-13,78117 George Mountains,Paauilo,HI,96776,20.0271,-155.3697,1490
e5806cbbda680cc43c3bace5a1a9043f1ac1eb8a33cda1b3b93f206a854ace90,3533800906065217,Amber,Thornton,Female,1940-09-13,840 Werner Lock Apt. 852,Campbell,NE,68932,40.2967,-98.73700000000001,493
4af9f230d04b418f585085471600588f3ab71d7f51f628f572341c79281af703,347073228412010,Ryan,Johnson,Male,1973-05-16,40178 Lisa Mission,Alva,WY,82711,44.6873,-104.4414,110
99f1b3a391e6dc45a8bfd529e23b618cd496dad01781b082e46affb2ab4d2b53,4561546772499,Daniel,Briggs,Male,1988-08-04,7118 Jessica Unions Apt. 789,Moriarty,NM,87035,34.9889,-106.0609,7268
493e188b0a74671cb6ff3a4a21585d6aca4106d9425170d4da0b63fd4e9e6ae1,4169759661243568,Jamie,Carr,Female,1972-02-15,55363 Aaron Circle Suite 450,Lawn,PA,17041,40.2236,-76.538,213
83169013fd9205aab7ca93e193da9723ac228a59dead520546aa0a38471ae4a1,3598895972308782,Kenneth,Richards,Male,1970-02-22,994 Livingston Extensions Suite 918,Norwalk,OH,44857,41.2403,-82.6078,23805
d8117d3246680fc049a95c9324e39daf299ee2f0c789301bc31283ab0363e47e,2297447006766555,Laura,Walker,Female,1960-01-13,611 Michael Rue,Cisco,IL,61830,39.9972,-88.6962,478
1eb7f3c17fe97997fb7d9f926eb3cb54e2d3c9387c994264e405348103571004,4988304376504,William,Thompson,Male,1937-03-17,977 Rita Grove Apt. 000,Rock Tavern,NY,12575,41.4575,-74.1659,2258
319a4d7b622751f047ddc131111a08fbb931fe8e68c29396cc0cc04f749b5b3b,4634955908138648,Mackenzie,Smith,Female,1973-12-26,7178 Willis Drive,Hooper,NE,68031,41.6414,-96.5232,1745
655e027d4ddd02711601d7f7735fea3da212cc64ad435fcb787b0e6ca79210bf,3524574586339330,Ashley,Cabrera,Female,1986-05-07,94225 Smith Springs Apt. 617,Vero Beach,FL,32960,27.633000000000003,-80.4031,105638
c844aaac6f6631341b85d008d95eda281f1c302cbd4e2adafbbca66ec65e9e84,213148039875802,Jill,Jacobs,Female,1978-11-30,034 Kimberly Mountains,Brandon,FL,33510,27.9551,-82.2966,79613
28e517fc200d41f36899eccb152f0d4424165bf717581956ff81112d8a830536,630484879808,Ian,Patton,Male,1973-02-07,8088 Sherman Radial Suite 689,Helm,CA,93627,36.4992,-120.0936,123
7b53c6ace3e27aa66e3a4ac06f73f5bfe6b2ba04d8403336dd356c7110464ec9,6011104316292105,Valerie,Davis,Female,1985-09-02,3861 Anderson Ramp Apt. 536,Drakes Branch,VA,23937,36.9688,-78.5615,1970
88597f6212d8eff497e79bccfa4083f738af2acf4f53b347a0bb9a05f0efca9e,341283058448499,Mario,Johns,Male,1935-09-08,62130 Miller Square Suite 785,Brinson,GA,39825,30.9788,-84.7373,1461
7f150f6b85dddb2b8b09e87d55970dea88be786747f7083e3025fac646525882,2254917871818484,Margaret,Gibson,Female,1976-03-26,382 Williams Stream Suite 197,Scotland,MD,20687,38.0828,-76.3477,313
8e134d05d20fe523aa3ad8ada2d66824f2547bcedf621e3c6d849e44d1e1e448,4708992452821239,Jared,Walters,Male,1938-09-08,3326 Hannah Fords,Cord,AR,72524,35.8184,-91.3375,376
0e1be52d9142a349c2aff2d80c6af70f7dd2ccd7a3a4c9c6d4545b2f3f7b4a38,375848982312810,Dale,Smith,Male,1943-12-15,25036 Contreras Turnpike Suite 270,Purmela,TX,76566,31.4841,-97.9903,258
c526663c5c9cf21501470128b9a0aa213cfdb0e82acb2693068c25bc3b6b70bb,2383461948823908,Patrick,Vaughan,Male,1956-03-02,651 Miller Common,Parsonsfield,ME,4047,43.745,-70.9092,1892
d9b9d101525e3af02e867b7056b808742288afb705f63effb6154218798f712d,4328928491302401,Margaret,Ray,Female,1981-05-06,927 Cummings Manor Suite 318,Greendale,WI,53129,42.9373,-87.9943,13973
7a760b583029bab9ef78387a188beeb11b007526f54c60b122743f90086a9d33,2703186189652095,Jennifer,Banks,Female,1988-03-09,561 Perry Cove,Moravian Falls,NC,28654,36.0788,-81.1781,3495
69fcfbd0d4cccad8b30d4597be480875f6204e8296cbffabf75a3ccc5f1e24d0,4859525594182537,Rebecca,Farley,Female,1990-02-25,383 Long Islands,Downsville,NY,13755,42.0716,-75.0152,1228
783cb05a15641465fac3a2552efe5a37d77ed1ed3e58ab49144381567f125588,38295635583927,Candice,Brown,Female,1983-06-14,9412 Harris Mews,O Brien,TX,79539,33.3749,-99.8473,178
741d5910bc3dfc2f8328d3b6f24c6abd6a02db6a4a48f8f12da817d33274c061,3560725013359375,Brooke,Smith,Female,1969-09-15,63542 Luna Brook Apt. 012,Notrees,TX,79759,31.8599,-102.7413,23
c690b93bf0df8dbfe461a997182352a945ae66d0a518104577ca5b7938517b01,2305336922781618,Jeffrey,Rice,Male,1961-02-14,21447 Powell Circle,Moulton,IA,52572,40.6866,-92.6833,1132
908995cbf8f873dee8817e60980abb84a611ed80d0b567baf6b17847205918c7,180049032966888,Michael,Flores,Male,1986-04-15,70761 Fitzpatrick Brooks Suite 631,Saxon,WI,54559,46.4959,-90.4383,795
f0106ac6849ca7dc80b8158a2d2f0d3e80da24e0932bcc99c84d2f41b823409e,3518758680062249,Antonio,Koch,Male,1989-11-24,8738 Richard Brooks,Moab,UT,84532,38.5677,-109.5271,9772
3373e624397796a54abf32298b2aa44610fd95b1a42efebb13ea9dc8d466d5b8,4129767952109660,Cheryl,Ballard,Female,1972-06-14,248 James Squares Apt. 838,Halstad,MN,56548,47.3551,-96.79799999999999,771
76920056ca14adc7525532b213ef502bcf88fa95ec7611f731252fb758b6edaf,372509258176510,Kristen,Hanson,Female,1985-06-18,26544 Andrea Glen,Goodrich,MI,48438,42.9147,-83.4845,6951
a5077363b9ef5cc6f5f107ae708f532019bf72b6792833775ce5a95c5de42f8b,3513618443244549,Amber,Perez,Female,1955-06-26,954 Reyes Ways,Fulton,SD,57340,43.7588,-97.8712,355
e8bf0974a4e8aec1ed9c5331d8cabf795c48f0313c494fd357eb7ed87b5008b1,3551217896304745,Sara,Harris,Female,1976-10-09,597 Jenny Ford Apt. 543,Tupper Lake,NY,12986,44.232,-74.4905,6120
4fad36e032edf9ab0d399812fbe6bccb401c81aa5dc89573f2fd1b52bb8d7470,36192615525683,Susan,Garcia,Female,1976-04-11,582 Rodriguez Wells,Albuquerque,NM,87109,35.1506,-106.569,641349
af6ea7cbefccb10a3e93b01baf2053d847528018f314e0b45e11aa4ab6c97e12,371226440126102,Stacy,Lambert,Female,1974-12-24,85430 Julie Trafficway Suite 792,Mulberry Grove,IL,62262,38.9311,-89.2463,1810
fadf5742d2bcb84ddd68c6b5a6560c9e0b385f35969b00fa242b83368665ca8b,3597926034019603,Derrick,Flores,Male,1993-03-23,83690 Nicholas Ports Apt. 846,Oakland,TN,38060,35.2229,-89.5518,9496
