merchant_id,merchant,category,merch_long,merch_lat
a432906c9ebbf822aa2eab8b5f894d0cad3b6bb672b407116569665d0c923c4b,"Bernier, Volkman and Hoeger",misc_net,-101.25867,46.294325
aeb962e119706bab550d1aad690891aaa149bf6aaa9a7e6af6fd18b1a566afd6,Zulauf LLC,personal_care,-73.754092,40.947408
bb72c12581d11537d7c066ae9c06f685591e2767267dbd24637100c1b02ee6cb,Terry Ltd,home,-98.62921899999999,28.509698999999998
316cddde7a0f2e12a4306d7f5d253b280da45e0926ba0eeca848423787dee1ed,Nolan-Williamson,kids_pets,-74.437733,41.507065000000004
6dfef8998818b9d184be1e7d5d5db1b6dde8bd91eb44816f858f433f959b591d,Emmerich-Rau,personal_care,-84.290584,40.597815999999995
e522edbffb77c01e9fddd1610bb12275b5b3ebb23b25999858d9ee8cf12fe9ff,"Schroeder, Hauck and Treutel",entertainment,-97.46129,33.694517
e52c75470e753723e8e79a81bc83261e17b6ffb7671b18aba526d1351dc0e3fd,Bednar Inc,travel,-70.677701,42.323308000000004
a3d13a320455646e81d2b24a454bb8e904d7b05df295caba7a26f8dc82d95bd5,Donnelly LLC,entertainment,-82.47206,41.883531
af8297543c42ecbc5322744207c1202e5aab90f5708492c75b627fa07c64abbe,Keeling-Crist,misc_pos,-77.721355,39.667086
284f553b7d92fcbb97ac4af4958cb19bee5f8e1ddfadb1fc88204c402ee18275,"Schoen, Nienow and Bauch",personal_care,-92.720582,41.462107
1ba51fb523be678baec59fa0f1e7c85a45c81291948f67df6aab931aa3f814f5,"Dare, Fritsch and Zboncak",health_fitness,-106.33249599999999,39.838766
8fad9aec8fcd730cb805414aa43b45b6e792038ff62a468f489df0d138fc3227,Weimann-Lockman,kids_pets,-101.887937,38.591714
cf1230ca2c22b36b745fadb3cff399c18e5fba1c116077dedc0358aa8ee0f8e7,Gottlieb Group,kids_pets,-80.623091,27.704133000000002
584c2a730866320b9a159c36c2963b0b3494a721f338b7b075b2f0948897f61b,Jakubowski Inc,home,-77.361544,42.292896999999996
b613590e8b32e444f5f9500a60b70fc675f14e395e2260c77f88c61e65baae53,"Lakin, Ferry and Beatty",food_dining,-89.849028,32.802139000000004
4d67ee6d0a0329af16c6ac0746f8add5815502be3fed4074505147efe3106c7b,Pagac LLC,shopping_pos,-105.46030400000001,36.834554
7eec23fde375917aae43507ed5eb3693c5a6f3539eae8575f2ca7d0ae19fc763,"Hermiston, Russel and Price",food_dining,-82.506086,39.785063
5c043a5be8f6203c3f0554103673e3b2e757934f461607fb77356b5415971409,Bahringer-Streich,food_dining,-80.18898100000001,38.708417
745f72fc6431754e21facf2a3902c59b1b48cb59e66e125912dcd23d89590205,Waelchi Inc,kids_pets,-78.80005899999999,39.565855
22284655d461dd2d6e6ec269a70e5b6346a11b3bcf68204318d4df5ab3edf82d,Zboncak Ltd,food_dining,-84.818212,31.887273999999998
ba94c9ab6c91e751dd6d64ecc512c4e706900e88504dd48ba8d7ad3642079ab9,Reilly LLC,home,-97.990718,31.480463
0e2d5e738a6171f21b9c3d3b6712682ee5506daf7f8e6f4f0b0976efb0b09c61,"Feil, Hilpert and Koss",food_dining,-98.105401,35.398762
022f1e5286b78c598644f4b0a52eb1ace69d0a1526cd3f3e52dadd24de5c20c9,Botsford PLC,home,-90.812565,48.328348
a1a7da8421aa60ed17d6ae356c159f560ce45fc6236ad9515f29e831f1dd8b2c,Skiles LLC,home,-87.33032800000001,34.022585
5d64393c98394c172e56b8a34beaae06fa2a8a83028c5d56ad02e0ef45188d7c,Jewess LLC,shopping_pos,-79.70790600000001,38.57756
c667b9801b3c0ea50474dfda222fe9c7f7bc4245e06018a4aedb9c790676c578,Beer-Jast,kids_pets,-95.90579699999999,31.943388
6cda6604d5d6f56ae7e681be78a4452cab023195be1a2ae76ed0c0d65b9db270,Sporer-Keebler,personal_care,-106.15426599999999,35.717327000000004
79969726c0e99fc932732c8fc7040a12a897fa5d2f2bbea80d0ec67865223f28,"Bahringer, Bergnaum and Quitzon",home,-122.71591799999999,43.617342
ec856bc8bd6e04f7635596d441a2136f9706bf4b3a50dfd6a6624bb4c66a55b0,Swift PLC,kids_pets,-121.13474199999999,38.341426
fb7b531a29c4e4ac630094780937a4f708e93120f19fb376596d8574cc42dcec,Hammes-Beatty,kids_pets,-122.13640500000001,44.398931
873f594f168416f1f57e599daec7d290f371db11c9118883bfbec803c0ba6af2,Heaney-Marquardt,entertainment,-82.019133,25.626379
b07debd5dd501ac2c04c27c6e4c443a7ad5f4678efce58687d4ba97b10c4ef1b,Frami Group,entertainment,-99.904811,25.754734
ec67dac408af2cef492bde9ea29b9cec0479ef7e9cbe027caca78008b905c8d9,Renner Ltd,home,-107.11296000000002,35.390805
0dc567b8b5f5592709332193566ec1be2548ff6eee7fff08bdf1a9eebcfaa732,Gottlieb-Hansen,personal_care,-82.12512,40.160721
57eacf96e3ffa9e972534b65c294c56ed19b1593ef5952abc6487bbe1caccbfb,Terry Ltd,home,-82.20629699999999,28.095758
2cbd817485f18fda510e1ace0d5cdc3db700beb811031b56844314bf3902b2c6,Dooley Inc,shopping_pos,-81.540547,33.240731
06d0bebcbd50b63181dad6eb4815d17bb6ed20efd7b357be11af28648859fc69,"Quitzon, Green and Bashirian",shopping_pos,-99.337814,29.929382
6eef7f2cdf427e3a6394ee2f9af66ee06aa0a1894f68c87a56d876624b28c48c,Bernier and Sons,kids_pets,-96.144568,31.409405
265695ffb3ed70f3925bf6b03a267dd880dd763320457b7231c03d017b3018eb,Emmerich-Rau,personal_care,-74.569352,40.169799
d8fd5ddb2aa0b57f560f999547048b731239f1a6e9bc6d7bb7924a02b5977dfb,Lynch Ltd,shopping_pos,-91.907092,40.852553
392c987fa13fa4a8ddb855f5c8f81e9c37977375d9a5efb66baaf311c9e86a66,Kutch-Wilderman,home,-105.52457,34.648344
990dbe1638c7f5137cc0c279f28709967cb1f3b6298ab47cbe0c9aefb6bfa748,Bins-Howell,personal_care,-94.57003900000001,30.430229999999998
b9fac21274bed138d2c677020bae13db2e02feb665dff71b4659717ba59a6d8a,Kilback LLC,food_dining,-88.88387900000001,42.313973
774cdb08e3f58bc6a0aab03a819d3e6435cbe0b6ded317bf906a067bab6f0b00,Feil-Morar,health_fitness,-80.412927,34.057660999999996
1db049031d8c0f895203ff68638769436ec431d8a5c536147025932405e71e36,Boyer-Reichert,shopping_net,-100.086745,38.34956
11a4bd9ea99f21cc4b77576e42648ecc328477ed42b9f817b9ec414b4be801f4,Mohr Inc,shopping_pos,-72.62672099999999,44.277874
ca5ca7d46c54a6c081fa13e379c47a9899910529ab18a3506c125910554403a7,"Cormier, Stracke and Thiel",entertainment,-94.16940100000001,41.868955
961b23111df288547af35af25be9aa571b0acb6ddda92ee69d9f45bb956360cd,"Nicolas, Hills and McGlynn",entertainment,-164.989426,64.82883000000001
6d7532206ce18b28e173c9639059880009cbb5ef0914c74541d2a8688f2eca0b,Schoen-Quigley,kids_pets,-76.588835,39.41799
bec2df51faf50b851ec9e5a59a5c0fc70631bb0266d8b917c6079682ea2be795,Gibson-Deckow,entertainment,-92.210216,39.347491
4a485fb37a0635d0c5a02cc4748fab23c25889980718f05cc391d458634689c9,"Kutch, Steuber and Gerhold",food_dining,-98.401682,30.316025
96110fe3000a7105530a4990d877be46bf28128d02504172563fe141029323b8,Jakubowski Inc,home,-77.75858199999999,40.563146
1d4f124a44c9052ebc1c675296a6193ae8fe8a8adac44722ec3b833dd37e05ce,Medhurst Inc,home,-112.960422,45.9816
a58c05290dacea28a6592f857c5da8d05be35fa51dbdc3a8ec526e891225da7a,"Cronin, Kshlerin and Weber",health_fitness,-99.434028,39.427808
dabe5037b56a0300b29c644b6f1ff2152a5ebb1dcc295fe41ec5ea26cd83d554,Murray Ltd,grocery_net,-70.078073,43.855651
76b311c5423c2a2fa7bdfead79c7dc7998b26b9b1ba4f1fc113d245e6fb0de3b,"Hermiston, Russel and Price",food_dining,-88.592218,40.784332
3f61a0ef51c7fa669272cf6eb268ab40cc2b2d7ba3489d1cb3b2b64b994aca90,Gaylord-Powlowski,home,-94.778309,42.058295
70db3b57c11d0c1b94238a5754995b0a0979d46c4c38ea08f356e78386b73862,Torphy-Goyette,shopping_pos,-74.744653,37.765245
878166b03f6b1d2f71c492fdd0ec9be01eaf4f07d48854ba9984c67a529523a2,Abbott-Rogahn,entertainment,-99.842215,41.874726
38d573bf2a4556a3321068267d1cba1ebee213a67d8a3b94fbbfecf3c090d655,Prosacco LLC,personal_care,-100.33501,32.757028000000005
978a2a0bb94544c6273029001fa9eb2353c3715df415a964982ce24751ddb8c3,"Denesik, Powlowski and Pouros",home,-82.016898,37.302766999999996
7fe1adb262fe4c4fd75b01bc4fde4c12a55b1b24ca1eaadc68671894c1e4be1e,Rolfson-Kunde,personal_care,-82.585555,42.270957
0a095c73eb7c58d131fc249f8911e43ad9f663ebdcbc3218236f3cc0e7b5556c,Bins-Rice,gas_transport,-100.60622,45.773427000000005
ae8296d56e94383799a7965a75bca68788877602d5f302aa554062c193bdb4cb,"Haley, Jewess and Bechtelar",shopping_pos,-76.932926,38.844214
b17e60145cb1daf703dc85c9b592c7b370074ab5b6250b25c531d9f394c62b24,Bahringer-Streich,food_dining,-84.277829,43.329854
947b51a1b1e129b71c2c8d1e78e3d6609cb40595222900178d37f879412ecd7b,O'Hara-Wilderman,food_dining,-112.03919099999999,45.670390999999995
344a89d9239b0b2b7226a3a45bcebe277a07225d97c5c89a6b7ec1736e7cae9e,Bednar PLC,kids_pets,-70.87151,43.141288
77b314e84d272281465a43a2f5037e5f390af08221739b7f6eccb89081bfd228,Little Ltd,kids_pets,-79.418974,41.216807
c82ad95a378d7355ac608ee0820d794e4bbcb73b05e4418bc1feaeca655d944a,"Roob, Conn and Tremblay",shopping_pos,-93.647738,33.726058
fb0d9181f7b3808fc3237fb5fdf9e75f68ac79a56ed5bfb06f6282983e8eb8cb,"Romaguera, Wehner and Tromp",kids_pets,-73.9961,40.360232
fd284b472fcf0764be84ad94aaca90be3776f9740799198fd27a6a3151c6e464,Conroy Ltd,shopping_pos,-75.925894,42.329571
e386a2706595c12423da8e5eee65692c501b27e1061365f4ec219fe31720fb03,Berge-Ullrich,home,-78.914277,35.016636
e5fd2d078eae4da9e581629351801a70d0c8303cb557de00c77462698a05ac50,Miller-Harris,misc_net,-83.527204,43.171997
83f52410866fe1c966b57542a2937cad5ebd7bb1a1166b17cd00c1ba8da61fd3,Turner LLC,travel,-119.98159799999999,39.682825
681058978c0b6de6a6365f62fe0778ca7981bd1e6a25e79dd2062dbe43060b17,"Armstrong, Walter and Gottlieb",food_dining,-92.940382,32.942281
0446778c594ae23c4d330991940176e0ea0b297ed3d1a5c8ec2ff6b3c667bde3,"Dare, Fritsch and Zboncak",health_fitness,-80.19574399999999,40.857717
9f69a911a8baf1d69495f73d1d137f9623364079923c6e5b7f71c5595566d1a5,Will Ltd,food_dining,-100.431337,45.582328000000004
ece023f999ca8e8f7341e36bb8b631dfd7dfd096558ea1fb219757595cb02c29,"Hermiston, Russel and Price",food_dining,-79.101584,35.46775
4d822246c059dd1aae670d6acdf8f07c29170f45b5444c75697d89761957b29d,"Okuneva, Schneider and Rau",shopping_pos,-69.727338,44.441182
0320adf8e160dc5690b328436eebf35af58618be8a3b4e225e445c2292f81c71,Kuhn Group,food_dining,-87.955943,41.770331
d6b0005ff1555494494747c857149b8c3c8f550a220861e1d937579389520910,Stark-Batz,entertainment,-92.264138,34.652594
9d4ad0fd0f050c7faf856a55b089cf0ee6eeec45a7a46974e5502f745bd05213,"Prosacco, Kreiger and Kovacek",home,-80.689766,41.258741
1b45aaf6cdaa8a8c22158a7227fb22ec28b4767bef7c3ba21d3592a5da6ea581,Ratke and Sons,health_fitness,-90.754611,29.201990000000002
e56303ddcc9aef2a72598f30bf5b36bed076210b8145b43fdb72063e4fac9d4a,Klocko LLC,misc_net,-79.129142,36.249161
78796f17fea5d39dd5595e13d502f4e81e0b690da05e82a7a99ca2d2110d2a8c,Pacocha-Bauch,shopping_pos,-79.128672,39.093215
aafd3f53e1bb920ad54f513299b65dc168c16f02c0d80f44286c03ad5e4e7e1f,Leannon-Ward,food_dining,-82.331713,43.063095000000004
64cbfe23e50ac36180f799d2efa30225a73995d5fff3e5930f53739b75534061,Waters-Cruickshank,health_fitness,-95.10005,45.778647
a3704f7f43cbe383398ca45ac7c45b54255b6f348ca79245c8ee327aa94ec3f8,"Torp, Muller and Borer",health_fitness,-83.40004300000001,31.836821999999998
a3ce30defdb1733c545a9edc3ea5864caae892758fe3dad459695a13f68b3086,Bogisich-Weimann,kids_pets,-84.757791,31.566316999999998
584dd5430c62d07fe816cde37679ddd874c37b5727a86d6bb44d570c730e53dc,"Nitzsche, Kessler and Wolff",shopping_pos,-80.286355,40.000925
50b875abb54944853ff5760f637aec77c9f66bd5072b40f6a87e0a74c67e6ba4,"Prosacco, Kreiger and Kovacek",home,-123.52413100000001,41.918079
7d8cbc8caca4df4fb935e1a92ee3ea5da5c088e6b468d286383067e1356ac370,Heller-Langosh,gas_transport,-99.60776700000001,41.032278999999996
b1856d7c6526693ab8ba316da0d060fe1b93ec6b209ff838a95997b709cf333e,McGlynn-Jaskolski,misc_pos,-87.741547,41.310639
d5c8522f28ee6635588425d5967fcfbf9662b5dcecf783b22f7328678b463c23,Gislason Group,misc_pos,-95.72811800000001,32.935745000000004
bbb38a0561160851b56095a8dd6037cdf2c54b7008acd727a884ed47c0bf2778,Bins-Howell,personal_care,-105.173078,40.244496000000005
62085ed3cd699a0ab8b8444a8e5920fd2240aa470664ebf800f2a052c7e556b8,Rippin-VonRueden,health_fitness,-102.7219,48.982490999999996
c5c6538096727320b9bffadd224ae78d7bbed369a660a612dc063986e07f3027,Rolfson-Kunde,personal_care,-77.84392700000001,35.018868
56ba3ed450404d69e27e543b2eb73b6dd6baadce822ca20c7569fb1f772fc632,"Hermiston, Russel and Price",food_dining,-96.56316899999999,36.346546999999994
a0e3df8f52cca49876d59b53eeaaad8e9f9fb515b323985040fa828f6e858350,"Bahringer, Schoen and Corkery",shopping_pos,-89.469418,30.934434999999997
3a37dea6407f43cc0649e6da160d6362c6d936483cf313640dbc5f37465fb539,"Hagenes, Kohler and Hoppe",food_dining,-74.621983,40.999253
ab98e1997c6241130981dd63fbd2035c6840b4afec285a43e9d2529b6092996e,Schoen-Quigley,kids_pets,-102.227336,33.661916999999995
ed4e5f8f8407ae997bc649898d76f482af87f5513beb7965c36be4ffbbfaecfd,Schiller Ltd,personal_care,-97.050618,27.931096000000004
39e69a87a1620be3345bf9561f475cbc7899a51825ffae957a1455cc79e629c3,Botsford and Sons,home,-96.361446,33.034588
c895b4527e8d5ed6ff743a76a335c26800dd3fc7d493a07f119c875fcb511b81,Parisian and Sons,gas_transport,-94.520313,41.140042
770827ebd480abd8d5f26e0170610334af2d4252c88c234497bb77c607204376,Feil-Morar,health_fitness,-120.745042,45.659517
745e74a0501574a952bc0b9014720a65cab3623336adfe3a6f5633287fa20900,Botsford and Sons,home,-70.753284,42.834270000000004
322d0e86df57dbd3f86a8ccf88aba7b7e80171240469b28edb9e2f671b6ddca8,"Pouros, Walker and Spencer",kids_pets,-82.141786,27.324634999999997
5e547b96e18138b087abf51737979e8188e094ee203b7feb6aca50a2386a3962,Gulgowski LLC,home,-83.836043,38.501224
b3d0b49e93d880a03bc1bca153387641921411d4ee6c55f0f2b4074b327c0152,Kuphal-Toy,food_dining,-93.448887,42.148886
225a75ea1548602ae49ce8cac09b8b14dcf33bfcea98d7ea6a63185fabc4e6e5,Kuhn LLC,misc_net,-86.742835,40.654588000000004
2f291462a91b3e4f8e31245ac1c19dad583868497a8b2e42d1b9970e12c148b1,Kerluke Inc,misc_net,-85.596283,45.172942
85e54025ac03007e71c10d41f9f9fdadee17a96f1a35bf2b59f1f8a8004b11bc,"Okuneva, Schneider and Rau",shopping_pos,-91.53920500000001,30.174115999999998
6db7c4b6636db84161ad624c4babeabd667dd691d5fe8e2f1d961b4c97b83697,"Yost, Schamberger and Windler",kids_pets,-78.701503,41.527684
c702c2228fe42a83f53d47a11d0084cbfb84197ad884a19b335b0bf380e49202,Simonis-Prohaska,misc_pos,-77.442266,39.293971
c08d0f22439725a3fe1c9f8488799151a323eef422f5bb698710aa43ccbe5ad6,Abbott-Steuber,personal_care,-73.579052,41.408792
6421b187bbc539d201f0ee946979d384b49349a00300ea4c5028ca36374a4676,Pollich LLC,home,-95.29705,31.791825
ae7f4623034b3589673802204757236cb90e54a0b8a573d22e3311ce47afbbae,Daugherty LLC,kids_pets,-103.251923,43.732533000000004
a5d1fa460af0a21b5cedf4726b12a0e5c9ac4edd325158221fe4eed031497abf,Gleason-Macejkovic,shopping_net,-91.212565,30.171034000000002
582da2d21f00c77274ae193eca0ecd4a0b8b8b42cd0d8d786710e3a88e6bee62,Lemke-Gutmann,shopping_net,-112.50589199999999,33.866541
96d669d14fbe9d01372d86d2466258ba82a5eb41472893eddd771ae11e9f7535,"Schroeder, Wolff and Hermiston",travel,-100.379894,33.458933
1ca71f6e37712c52d83372c728a1ea83b86dbf1f6e45926e8f7ec7169140c1d9,Schuppe LLC,entertainment,-91.092957,40.181746000000004
6685212b121961fc29850e22c5574bd56e5628379d1a548f6a47b3f3fbf36f1b,Homenick LLC,personal_care,-96.52965999999999,37.386862
0ea95c334ee3ffda269781f2209bbdf3de3b0b9c18cc51bb3c89e61ba8a5b837,Veum-Koelpin,travel,-111.048677,45.996627000000004
ee9a062068b4c39f0d7b51d12669380f1a251851a032b1dc336ee4e31892f723,Bernier and Sons,kids_pets,-89.332348,36.739953
74f2ae44022a1fa3c17e22c0a1ac9c386d5c27778c31a6cf0c8993c80ee86468,Runte-Mohr,food_dining,-90.676587,33.843545
d78d95f2acfc2d7f7c22589893bbe96d26a76c1c26cf71ecdccf915080a637f9,Bednar PLC,kids_pets,-122.57928899999999,38.245863
ec1a93a26db5ff9960850a194506d75df77dfc869eae4aed3289fca76f67df76,Padberg-Sauer,home,-111.485104,39.943234999999994
b3381a29c2230b7935d535c204212f01ea85969d288a912ece97f9c5bb94b7ca,Pouros-Conroy,shopping_pos,-124.92000700000001,41.661266999999995
1d54a92f2047e4ac54fae734d5feb7ac35336e2f5bc0883ffea14ff11af68cb7,"Lowe, Dietrich and Erdman",kids_pets,-84.410892,43.877826
a83a45c640b63270623ba1ec8a9c0ba4fdc66aa533eeff26a7d61534dc355d4b,Roberts-Beahan,misc_pos,-99.508962,41.266607
2b5021d4bcd002e124239d72af7b5cee73043b0090f93f9a2c5f9e4c46051527,"Bahringer, Bergnaum and Quitzon",home,-80.709366,32.585662
4fe72899c049dd1341d53c18ffb8b4d3ffd22ced2385e48cb77ca4d83504bd36,Dibbert-Green,entertainment,-111.009704,36.130873
0f7d1e49689cf38d1912368b87b4f18a6b394ed77fb866c22fe9d79fc15e3bb5,Schaefer Ltd,kids_pets,-92.393578,36.136269
9c1bea4b194488d7a4db7e46a1a1e4749335682411b3935a2de7f02f1836e04f,Deckow-Dare,food_dining,-73.574123,41.395357000000004
3cb131b2997148e3e823330bcb03c0fe41e98d995dbe3c9b466bb9507c8d8b05,Weimann-Lockman,kids_pets,-80.817885,26.980519
a8352463ec26b2a4ad3a5c855ff083fe59be96b1800e4997b854a86f94d002ec,"Bradtke, Torp and Bahringer",personal_care,-104.71983900000001,40.015831
d33a7e77a909dad91b779820e7491c8c24fa1d16d284b07e655783b333029466,"Hodkiewicz, Prohaska and Paucek",travel,-84.400604,40.108156
5281a119868fd4bc149ef05cc632b6ecdda0f6f6270d2acb4086bd64bc7c939d,Fahey Inc,kids_pets,-91.75701600000001,35.165667
d0addbd333cede0f41eb6d9906aaa6007bc8e59156da7bfe7eeb07207098fbff,Gibson-Deckow,entertainment,-86.687686,33.373295
22da0194c8df6c65734dfbcea49e84fd4ce610bc0c0b4c5b526c8ad2db96031d,"Schroeder, Hauck and Treutel",entertainment,-93.220426,41.570551
6e51289c844fb8ee460eab532ad209788b5d0e552b094c0f5c22ede392c603f0,Hills-Witting,shopping_net,-89.21347,39.387904
4b085b4e681b9bdfb4221d9674dd878ece047d5784c0cf050bfca764e4448a4b,"Osinski, Ledner and Leuschke",grocery_pos,-91.242099,42.657027
f00069acea83400396bd46bb9ae271623023500134460bc28bf5f1193f970961,"Schiller, Blanda and Johnson",home,-105.69164199999999,43.010934999999996
943f49d6dd7c46cd3aab2260416f38a3bcdbc27fc77d0b10fc3022d372364f77,Brekke and Sons,gas_transport,-86.692419,36.301043
516477865c4682dcef37a67e31ecb380ac5cc62462a010cb8e40ac6edc70343d,Gibson-Deckow,entertainment,-97.61539599999999,31.711289
d380266e827a26c9955f5637b9f50b98e627469b249fcd588316202f3527cb2f,"Towne, Greenholt and Koepp",shopping_net,-100.121905,32.435753999999996
3abb5e623e5525f1e473476863a59d59c77f351ab1bd0b6cb77682b0e07c39cf,Bechtelar-Rippin,food_dining,-111.598629,32.855971999999994
30d5d1904a9356f2f30a2eb3ccbbe2cae7be6c1c1aa2bcd4b14b3adaec8302d5,Greenholt Ltd,health_fitness,-85.139539,45.669745
9e1f8ba5b842f47a2481a29459986698082fc2f623c7d3a51992a96f7a4c3eee,"Weimann, Kuhic and Beahan",shopping_pos,-110.07756200000001,39.832089
ca7c8bdbf38295c94b83f7d5cbdde56b1602be80475e5844ff75c8e7cb4af890,Mraz-Herzog,gas_transport,-82.36141500000001,42.184382
60f24a0dedcf6386dad891bdf5ceeaf58dfa737a3f21cc7f8bada76ef92c7c27,"Lubowitz, Terry and Stracke",personal_care,-92.654578,40.133124
57b221e2d4ca5befaccff8a7093561bf1840c31a06ee7a79af584711503f7522,Waelchi-Wolf,kids_pets,-90.243177,38.613568
636025664682b3a9a603e6e91f72c75e977395ff6059e7c94acdfdca2cafabf3,"Lang, Towne and Schuppe",kids_pets,-81.578181,32.627565000000004
5d8ab2524f46aa91314f42b95a903bee3915d29cc4636a30122006b9f80fdf41,"Larkin, Stracke and Greenfelder",entertainment,-80.52892299999999,41.743303999999995
a98876398bba6a6e762190679c5c0424093ce74e881348f91928b8f9184bc07d,Bogisich-Homenick,misc_net,-93.180019,46.179194
1188d507283ae55f9df1e3ebb2034ac8bd29893e53931b0dca210d54d8a31708,Abbott-Steuber,personal_care,-86.358253,44.993378
fee19e4e9aedb0747a9bafec6d3f695e916f81d068f39711c6f11ad1ecacfa16,Botsford and Sons,home,-73.02431,42.080816
9ce6076b1f6f1532600e54a77b52c72b6cc5a6ca68bc8d84d4e0ac6110f8f10a,"Crist, Jakubowski and Littel",home,-74.254239,41.206501
8c827ee762ea3867dac3428bb9dbe5d40593593c317e4533f3a9d65ef5c35ff2,Beier and Sons,home,-100.389208,40.998096999999994
43b15fa8cfd3472d1fd5626b7d5a1d16ac849896a15e3707bcd386dcb41be5d8,Swift PLC,kids_pets,-81.44468,35.106971
5b6a502d6e8b65342dc9b7f123eae55b119690b15b12bf4e13267f2870bb6e8f,Pagac LLC,shopping_pos,-87.155534,41.975456
bbc3243c8a6f64e0e42d5fb5108ce20751fd06de2530cae290cfee1aaf0daf2e,Hudson-Grady,shopping_pos,-117.796126,49.193938
684b13c1afaffce214be0baf159578a87dbf3673934ec17dd49be268405d3286,"Douglas, Schneider and Turner",shopping_pos,-91.49481899999999,33.985065000000006
0da6dd7c7a074100f056fe4925e83deb103a0ae53db31a26a20b1f4f74dbc250,Bernhard-Lesch,food_dining,-118.85955600000001,45.751028000000005
22fe83b3462ee39a860582994d72cef5f2bbb90cf2e0bad4e755d82846e9441c,Jacobi Inc,health_fitness,-105.656623,39.105052
94ad57c5095afa00037b6a08107f10c2e2d0b4c365d5538073e6a40633e1cbcf,Bode-Rempel,kids_pets,-70.883078,43.623055
20b8413d87b4b99a75a3fee422e7ba42c778b88eed24c5cbf77c93d3eab834ba,Gottlieb-Hansen,personal_care,-104.80708800000001,36.849101
cf083172e85118b622157818caed7d673033bd93fac4c8cc2804dc40a9ae9428,"Becker, Harris and Harvey",personal_care,-84.764595,33.282548
560f2a112234aba88032be37fff6504b965e6d664290dff473e349d31d44ea3f,Kub-Heaney,health_fitness,-82.742254,35.977973999999996
7d4b4b5113e30ca4802ddcff0c2db3c01b4873c3449f19d92cf0e8a0f5611d9c,Halvorson Group,misc_pos,-76.234111,38.975351
0cd6db39d1beeaecb44d255e058c5026b14fbbcef0a87fe1a67d9b62b1e47d91,Ratke and Sons,health_fitness,-79.916499,34.927867
e1918fb49bf2fe0a3a55273bc9ca10855aef260ae80c85e00d05ea935b3f1f20,Kerluke-Abshire,shopping_net,-95.567898,30.150563000000002
48bf3bb9893a603016bb4c92b4469c31ebc7f5bef3960cb7bf510ca9a7962df1,Kulas Group,health_fitness,-102.390743,49.63906
bc471c05e9d070bca721c7600eb82641cb2ed1fe49c1351b82d0d261d350d52b,Schoen-Quigley,kids_pets,-73.627432,41.484738
dcb26863190adf7c785bf3b1a8485b3d1cb300913f942bedddd92a8743f2dcba,Maggio-Fahey,misc_pos,-74.58202,42.585527
6d3d62e5403f9994ff79b240a1d3b19edfb63d5649a55b933a611cdaf84f7bfc,Weber and Sons,food_dining,-98.913635,44.348938000000004
9df7cbe3d8b7f28503355ad2afa6cfb555cd2bd1589d692ba6527506438068ba,"Jones, Sawayn and Romaguera",misc_net,-109.741904,43.974711
e4321c7395701e32eb858dfb55ee1db7d18f43d737356aa654a8ac0672e2b997,Marvin-Lind,personal_care,-81.077584,38.302159
b55c08812e98035d6ce7ad1265eb558fabaa1f149e8462cf47fb086a0bd016e1,"Swaniawski, Lowe and Robel",shopping_pos,-81.469277,36.201766
0e00def763c001e4c718d29124d3609d638003b5ff0d6e677ef053ca448e8138,Spencer PLC,entertainment,-74.806457,42.252244
083301d2930713abcdfa2fef881fc057d656d9c1b6432e401c082e479c443dda,"Reichert, Huels and Hoppe",shopping_net,-70.183573,43.921412
89f9cf7ebabe2b6b9db2ce371ed30b6a4db7bba0993c87e0d1693c40ac5cffa1,Kihn Inc,shopping_pos,-95.370525,28.339809000000002
a76543fafbe477109f4dff582b02a99b2b2bd4520fcbf7c9f753208d575e480b,Harris Group,food_dining,-81.723049,39.997006
d7d623f129a8b2bca93123287b624afaedc360b9841b0d433a71cb83074d8356,Bode-Rempel,kids_pets,-80.483926,39.33732
a6f1f0b557862e1510726227d0379f90944697b9f3452fe1f70917a3aa9e32b0,Schiller Ltd,personal_care,-80.62281,41.763445000000004
4481d81b76e1b8064e299932240c89a56c846eb071fa3ac537bb65824ba1faca,Cole PLC,grocery_pos,-81.916154,33.390662
28e311af05bfc8c7128bfa580450e5d719ef2b7512ce932efbd35ae4d3e371f7,Fisher-Schowalter,shopping_net,-88.33144300000001,42.332815999999994
62b159dc67f20d663e0671edc4ab49a95e7ee358d6d1b0c7fdc815a7b3875f38,Dietrich-Fadel,health_fitness,-117.20594799999999,33.507377000000005
cddad478a65d03950d6e6b48233298d7e9adff077112d4f6738081eb45906cc9,O'Hara-Wilderman,food_dining,-88.792643,44.21523
62c54ece75bcb0c384971412eb8038a2c9bb350d6d7d5026240273a219afe146,"Schumm, Bauch and Ondricka",grocery_pos,-77.551788,34.946388
fa344c54d38c9a36c2820cee3e5dd6fd6a86f786c43c17a1f467a99eb5897bb8,Daugherty LLC,kids_pets,-122.28011699999999,38.861761
c6b65acbd7576a3cf3936b3598072c637544509518cfb196e1b9815d9ef9551c,Bode-Schuster,kids_pets,-120.13096000000002,43.729748
887dc74a2ed5349be37bb7c0667b3fd639a80ae4559a6e17e507c13825dc4738,White and Sons,home,-82.043961,36.167798
591adf40877abded61c823c27341c4601456f933d5990bd60d4449afb9da8d5a,Beier-Hyatt,shopping_pos,-99.717246,34.922785
0ac0ee595704bc8251d41902a3bc4e80bb982ec031cb151a6dffc2ab8fc9b051,"Bernhard, Grant and Langworth",shopping_pos,-86.238348,35.241039
6eaa2cd79dfd759e5f4f89602f2097c6a88056abed88f39a748cd58779906d80,Hermann-Gaylord,misc_pos,-75.351543,38.640652
f6118821b33e64e47c481624ad3961f890449eb3d9ece6911e8c018711907851,"Yost, Schamberger and Windler",kids_pets,-84.888136,40.401070000000004
42bf03cb565d8dd80852ae5fe016a18adec6fc69f9ba99861725202b78ef0502,Baumbach Ltd,personal_care,-96.58908199999999,38.458040999999994
700f966c1152779a722295cbda0aba0a370a200f08740c11fbf69c1fe07d91e3,Ernser-Feest,home,-80.50280699999999,38.988085999999996
aaa694446de973a437549f3bcf3f381bc073a9bfe49d622f4e4aa22928d71d93,"Hauck, Dietrich and Funk",kids_pets,-111.772465,43.329384999999995
5a99ba2535f9a3d4eb24e91094b5aa33decdf8a199b3ad0e693ca15deba42a60,"Schneider, Hayes and Nikolaus",food_dining,-108.754492,37.666227
8780f001343c8f63f34281b39caa7c026e39e687417928ab27c055daa3f10a1b,Pouros-Haag,shopping_pos,-85.931895,37.787593
6dcbbad2b5db5443db777d664a2bab3c4bcfdb8e92afa5c39273529745d560ff,Kuhic LLC,shopping_net,-87.436966,42.866361
be9c2846daa1c8ecdd2b3eab71a0d185520535f8806ca08eadae4b0e4d48b144,Jewess LLC,shopping_pos,-117.478793,33.455845000000004
265a7b1ba7b35922e7cafd77baa470ff006b04749675e1019988e5f84e4f93dc,"Hauck, Dietrich and Funk",kids_pets,-85.21435600000001,36.04957
b159ac2e262c67d4dd252b876f2b084a0ded33ee8fa0d46a390e3cf0dcd37653,Ratke and Sons,health_fitness,-94.12332099999999,39.042503
6a775d4ce07174d9406fae16e49daca9d019389c583654ec284a4e1c05b1a79b,"Windler, Goodwin and Kovacek",home,-75.57240300000001,37.674054
4be8674ab3518ac8e638719c7fff35e2a2673e7fa00d8c397ccbfda970f588cf,Satterfield-Lowe,travel,-68.59751700000001,44.434275
20e47d3ba06dad42436f14718a8ac5f68f075794f6be0d02c2996e7595fae5f3,"Hahn, Bahringer and McLaughlin",personal_care,-80.320509,38.786607000000004
0c69bf04932485a6215328941a35452ff5404bf08bde71a5170ed731ea103a3e,Kemmer-Buckridge,misc_pos,-109.906451,37.708533
9d371c47d7369d93ac30cbf723738fa77476a0b4589d9d43295b6d6e2ec29868,Volkman-Predovic,shopping_net,-87.1656,35.814491
55fc5a45019b66976e21c398b4890afa9ee5d1b164e124b8b0acb7f8e16c4bf6,Goyette Inc,shopping_net,-76.052054,43.956833
dc4f51d1faa7e44acef84f68a5a1b8652194c1bf8f0c6e2e8a2a12e5a5e4bf5d,Cormier LLC,health_fitness,-76.902462,42.641638
e093a08c4d8771ed37c645190f1f193126aaa049770864f5ee0d37b408233d3c,Zboncak LLC,food_dining,-76.66626600000001,42.88779
7d74d631014a0b64025f7a2f6f9288ecb25861f04d8f96c832629878e1a1877c,"Witting, Beer and Ernser",home,-106.016143,38.780218
516bc7bc73fd2cae221bdbb47b1e539548d0346ec06e8caf82eaf29f86b36b61,"Hettinger, McCullough and Fay",home,-74.559784,40.84301
994efbfe4023fe0ccd812884116f0434cf075ee94ea65e732ca8f12642c38294,White and Sons,home,-75.148324,39.331053999999995
4039e7711022a1901a34b4e0d8a98f8ea954af67637bd7e5137ba04aa0b2e000,"Berge, Kautzer and Harris",personal_care,-79.792026,28.601172
79fb16852732effd4d1a36e75f37b3673113a066b3eefbbed566742bba1084c9,Gislason Group,travel,-94.252472,33.11422
ae2db550a2372872c1de3cd36140a0cc19cb0bc50f07b0175e812345461970c6,Hermann-Gaylord,misc_pos,-100.17015500000001,40.219184999999996
680a4e83d3a2dc6b8fb0756702732ddf953d1ec754c46707c059db0e3ab95ba5,"Heathcote, Yost and Kertzmann",shopping_net,-81.602745,34.96289
37895528dea825a69328700da0a4ca87bd08565c08f99259e421d5fcd091e08e,Beier LLC,entertainment,-90.840089,34.446626
eb591c8c9e9ed5caac1d0baaad36e5dfe585efa6a6f35087a8a17cd14a21a358,Bednar Inc,travel,-86.315351,37.653705
afcb29792636399c52563fb3988e0943a22c4a1ebe497b6c5766f5a4717821c1,Kerluke-Abshire,shopping_net,-74.128991,39.375429
96dc04fa83c35ae4e35b343abdb02c40129ac28c5fad2da748ab2331e639c450,Medhurst Inc,home,-95.687072,36.387679999999996
52cb08ce0da55841d289601c2ac7eeb550a269c582d6fc62e76e0296642fff05,Shanahan-Lehner,personal_care,-81.15876300000001,26.389956
9aab15727b58abd8468300dfffdd305f5fd800ac76c61ee55904bc531f473143,Brown Inc,kids_pets,-123.0356,39.221409
16692667e9cfc96a121f8675a203a1a8de127b55a5f43a04d10cb1c70a749eb0,Bogisich Inc,grocery_pos,-98.256852,40.11124
333b85dc7744f8750df1d849f131448dfcc786e9e13b02ad29a9bdd438c13693,"Haley, Batz and Auer",health_fitness,-96.2427,31.795228
439286961232d3c90dabb5d0121a37ab085671acfe3b8b7e426e20094a6f9678,"Hettinger, McCullough and Fay",home,-86.300781,35.446121000000005
97c80ef5355233f4c78a42f8cc9f2c1545a18920ea8c8605f939748c228d7e43,Waelchi-Wolf,kids_pets,-99.266616,39.225113
05959be2e8ee7b3b63171d520d45412561e340b95157f3c9a7de57166a6ba297,Medhurst Inc,home,-85.930413,36.844537
203be5173659e25043160299efd43239dbf3ef681511ae3744b013c29cd8d8d7,"Mante, Luettgen and Hackett",health_fitness,-108.18443700000002,43.866236
54de35c8eabaeccd9aed2d8ad4ba7aaa14df87e960ae6012da50b3be8738bb17,Dare-Marvin,entertainment,-79.075941,40.692073
3a31ee8810aee440917e9a8673d7fb0a9786317571303833d4be33a6889fcebb,"McCullough, Hudson and Schuster",food_dining,-98.950654,35.95288
fa8ce6e06ddd8bd0b96c32895732d4eda975cc8753dfd8d0d5b3e03dfb999270,Langworth LLC,personal_care,-74.119274,40.702471
b72c90ed140a6d14869e929616de73fd69cb6230ad574d4d894ab99c77948785,McDermott-Rice,misc_pos,-76.925187,38.885368
afce7270a30c7fbc36c15947b35b081841ece7875877405e68dfd0d4c2d62a5c,Mosciski Group,travel,-82.57330400000001,28.632081
2bf55481b7b8cc0eb81e56189b71e00ec81e3ff0556f258afcf3b836b09f8a5e,Gleason-Macejkovic,shopping_net,-81.825848,33.675412
358221233ef1a58b7d10e542f69c2b90a38f5c22fd91c49d47041da28133a24e,"Heathcote, Yost and Kertzmann",shopping_net,-90.159817,38.494335
bf7239fd430351aff73352d19800fd16b8b2e7233f681a42fa964918d506cc6b,Schuppe-Schuppe,food_dining,-77.60544399999999,39.545984000000004
350f7beaa89f1333de15e7d1c6dfe6d61916bca76548ef8ac2586dc4fc07a890,Crooks and Sons,personal_care,-74.07224000000001,41.973698
d8a197b1e2477bba88a6549bdc7e91028eba7506a14e3c9fd789a89257dcd8a7,Abbott-Steuber,personal_care,-71.274235,43.995784
0be4c56d7a1eb705324ec40edf9b246da0433019334c8865514474d87daba2fa,"Terry, Johns and Bins",misc_pos,-75.276876,42.380081
eb54c91fc5e96acc807db1fe7c59ac998843683f55ef19cf4568ddd2ecab55bd,"Kunze, Larkin and Mayert",travel,-74.08041700000001,42.339535999999995
09f1368c5dd192150e6237dd20a4b1aa5c2832a31f2280c629b061a218f5635e,"Altenwerth, Cartwright and Koss",shopping_net,-108.863626,38.044565999999996
fd817b94b4bbe727ac877acd43b50ae4dbbd7cf6dd9fac0173232e08053ef9b6,Fritsch and Sons,health_fitness,-96.527023,32.459602000000004
9bde9705f6d6a5c19af9deda9b439b1b8d45da77d5b694331fe6827459a101bf,Pouros-Conroy,shopping_pos,-78.070053,35.229659000000005
b4e0af92f31cbafaac91b0e7bd368b391d494ede58014143a4b1d1d60023a330,Wilkinson PLC,kids_pets,-77.024924,39.848967
d657c1a77a6139a5cb66b4f67786dbed5b88286eea241bbcc29e9397b3c0e02d,Torphy-Kertzmann,health_fitness,-91.517607,30.108894
f0de5cd3f32993f2f1badbc828c29f7e13790976becb42ad2e02f6967cc111f5,Kuvalis Ltd,gas_transport,-87.640117,32.727218
656de8693524eac377dae8477f975509be94e3581df09dfe854440ed86bbc9ec,"Crist, Jakubowski and Littel",home,-94.42199000000001,38.442726
89e584e64c7bf5a1badfdb4fccb84f19ed1d840dd3ed3c625cdcfe95d2cea421,Hackett-Lueilwitz,grocery_pos,-72.52465699999999,41.521599
c3843cf828ab09890ef1e1b30165cfeb1d7e21b09d8cedcc33e08d9dd8c1527f,Abbott-Steuber,personal_care,-81.682174,33.7954
2bdea2a3cfc4f5d30d994152fb70d1c19d1590aad0d10ee1655be7d154d2e770,"Pouros, Walker and Spencer",kids_pets,-83.814198,37.71969
bfb0117bbf217c0d3d963fcca46cccb4a2e275b191113f199034ea6901efd78e,Watsica LLC,personal_care,-94.115381,37.304014
d0387dd41cb374b3a0300205fdf3169f1e10984b727c34dbd1e79c5f1d21c804,Watsica LLC,personal_care,-108.042065,43.96206
f6d020410b16e868adccc67fd044ad59b64e1726cf26df6f0413a825245ce742,Greenholt Ltd,health_fitness,-106.386284,38.417406
1e6fc6dbf4d2ef1982e0d6f84970361303529c2ee07c5efc2c2ad96cd9a6c1fa,"Roberts, Ryan and Smith",personal_care,-81.475945,31.506565999999996
06c53dd2e4640a14c5fa15cc34f892901926d1e9de75e0c30fe14d3a8c2673fb,Howe Ltd,misc_pos,-122.236121,48.901439
20e576be1fbcac8c19f643afd5d334ac81ab952a414b5eef2f83f7a2167ce2d2,Towne LLC,misc_pos,-93.258024,39.068684999999995
4c8815c9a9611bf37dd9d175c55f00d51d51c034526eb0d296cd4204e64e26e0,"Ledner, Hartmann and Feest",health_fitness,-82.912193,35.732504999999996
956110544adb5f3b8d47888df2fba3855ee79776d507b5e6dbdc80b89537b944,"Metz, Russel and Metz",kids_pets,-79.436918,27.538109999999996
b77adeb66972f80b8d14c7e24e4b2b926b70c246fcd8707461f29d32d862f4cc,Prohaska-Murray,gas_transport,-75.435748,38.262298
0303b4ead084b20cc0e587103c7832c8048cfd8fa92622db46e0f4a5c22dc454,"Yost, Schamberger and Windler",kids_pets,-112.95900400000001,48.833502
e9649ed16f51b55731dcfc521399e3d5789d49a522155c04d264329f2a8d3c18,Cormier LLC,shopping_net,-85.64320500000001,34.353078000000004
1d396edd6e4215298bee34f4b539b123736c10b404ead21b2054c6ff154e0ee7,Stark-Koss,home,-81.937618,27.749298
1c4f235b6d893671b250a047b9693cbf4d6980d5d71e32fe463140aa93ea9d7a,Bernhard-Lesch,food_dining,-78.715162,40.555545
ee136508e31831d98ab0e593aa7cc932c94fc2ab1c473343fce814f70e1910e0,"Koss, McLaughlin and Mayer",food_dining,-122.57871399999999,45.434286
abf6c2d3c5517ee81d3f5dcf52420bbe002fd81cd2948fd5a4df31a31a7b2edd,"Robel, Cummerata and Prosacco",gas_transport,-97.29749699999999,31.789664000000002
56839b3183691fcf85c110aed3a10ea09d0dcf545b639a9675d788737648636b,Kub-Heaney,health_fitness,-93.539051,40.759427
f3ea9a99b11e86cacfcc175cfe955deb8664488bc0409d3ce8a69324a4614359,Boyer PLC,misc_pos,-116.29425900000001,33.932468
ed76a0e9879f53c360a08bff8e51629bc07c3c16eb756e37766c27a341ce2788,Marvin-Lind,personal_care,-100.762553,41.501008
ad46b38cf69a8920170461d2c6aa780649ab6cbaf5054913141453c98d6d0a1d,Heller-Langosh,gas_transport,-84.654209,40.200152
25290a6d58c42e1385d160c7c06a82f91a85f5650c09a41daadac2018da0675b,Volkman-Predovic,shopping_net,-82.626731,37.854584
6e3d588fe586721bc8dd935c1a2c7b58840e03bc5abe5c9d4c3a0c2f2d85e502,"Romaguera, Wehner and Tromp",kids_pets,-117.466434,48.491797999999996
3b5c1f9ddfce8c792cf9d38983a7d71dc18a8cc979ce85f0d7d73da0f793a7e0,"Crist, Jakubowski and Littel",home,-104.424666,38.618105
711304b8ac22cd5cca74112cce0f4437c97dd1c33c0fa3f5b2dbec8c460adde2,"Swaniawski, Nitzsche and Welch",health_fitness,-81.061647,41.114290999999994
df2bfe3ffbbd1a9d4b49e6c2fd73b45324c76ab25d2e596797e6d6985f8cda0c,Gaylord-Powlowski,home,-90.796644,43.016205
340bc6e518689dd38aad1799c2fcd2a526f5f444be885634d6d011a28e6be098,Breitenberg-Hermiston,kids_pets,-86.69722900000001,43.224588
a6a34f68c80d0e28bee9e3cd282058906bd199af9cfa6b4dda0f7b308cb5ef70,Bradtke PLC,grocery_pos,-81.56172099999999,28.246571999999997
9bb10739e71822ccc11353ee2690aa70d8c2188178ebfdc9f6745aa2f25ab0fb,Dibbert-Green,entertainment,-82.0117,32.31765
f1790203fd0cd47889ebe0ce753e832416478381c27665109bb46b427936ae9b,Klein Group,entertainment,-96.697796,42.86704
c27fe8eb523bb467e19df43f4b50c0a767aee738962b3e0d283a0bc97eb558a1,McKenzie-Huels,food_dining,-80.44414499999999,40.811879
9553600b99f7a572f25f536c3bb3a77204fdc17a259655812d22c94d32d01161,Kub PLC,personal_care,-111.796899,33.58785
21d945f5ff3c4f86b5498a8f676f944f5310d42c3718a52d80a33b2b674cf0b7,Brown Inc,kids_pets,-96.155962,32.040588
c28944cdf5e14c1670d8bcb18f48cd2ccc8d7fbb84f680485f69bafa30b63d06,Hermann-Gaylord,misc_pos,-117.977232,49.002189
3a383e1a2489226fe327198e546bcbef0b2c1ba4cba144237e0e72f7b2512608,Wuckert-Goldner,home,-76.952028,41.506959
9c358157caa640da37e25ba793a8fc031209514522cb7a49259a8b6a4def0b37,Boyer PLC,misc_pos,-81.875405,27.293746999999996
af2da575e3de84977d0d4d0c4ee1b27932ad40374d865f0f9990298ca7f10a69,Friesen Inc,shopping_pos,-73.772712,41.379034999999995
3b02c7d85cb6f5f7ac4a3e8763cf2e698549aba66b789a5580345c2c7c322a55,Satterfield-Lowe,travel,-97.917939,37.102118
a3851d9a04bd1f1ac925b7fc584795b457f309b9d7643cbabba4499285eb5afa,Little Ltd,kids_pets,-77.707064,35.360620000000004
d3266511aa4018a8818cd90fcf5911c4b9a94edd1873c231daae03d2034ef80f,Heathcote LLC,shopping_net,-89.552853,48.293440000000004
4a0af34e51f2d8bb931daf0a2acf9a56b4f282ff8a8b7b11362d8a2c80cf5785,Lockman Ltd,grocery_pos,-80.056851,39.519721000000004
e87bcd5279826d79edc112cd787fa92045b2f366459bdf363a5b41952014e0b6,"Bahringer, Bergnaum and Quitzon",home,-81.074956,41.332132
44971c504f3c2930c2217dc68677b481f845502d27fc9e90badd4a5f1b67c112,Mohr Inc,shopping_pos,-88.302176,43.558063
58b6f7027ecba64bd52ccbfd2b783961d98c1ff05b59023a26a11e7c343befe6,Balistreri-Nader,misc_pos,-93.594881,44.229958
6481975f9700eef8cd8364fa0bcb67c28b59d6f20cf86e2b2fd1e00f5884f70b,Balistreri-Nader,misc_pos,-72.20788,43.371657
7b12d7d987d1e2298457cd5b1b6a3601e8e76ff7ff506064d43ad890b89ed833,Padberg-Sauer,home,-123.250999,38.450722999999996
cc9c749f967b7d07aa702fd467b0311320131b4ef77b9c7544d6f277f20e55c7,"Ruecker, Beer and Collier",shopping_net,-106.74065700000001,35.573259
c5335615e026291e91bf7cbad804f304e063e590a1898b1cb4e52f335bd759a2,"Runolfsdottir, Mueller and Hand",entertainment,-89.285979,39.392252
2d5ee27e6c34e684b9377087d0db70fa44c694e56d093d693a6a14e0db69fc00,Beier and Sons,home,-87.025559,32.744104
14db1fe03b004de727c4753fdbf8aa494acd39891ed2cb58d531975b918b7dfb,"Rippin, Kub and Mann",misc_net,-83.438265,33.333827
354e602fe4b94efeea928f0ae7ec25eff37336821a1aba5af3048cd580ab95ac,Denesik and Sons,shopping_pos,-81.8734,37.421987
55f89eabc7382db93ad643a77d86cf56118065e73d2ead7489fb4482f04e5545,Bednar PLC,kids_pets,-94.332247,39.099327
f7d5be3276b7f852f2231f9e24b54de0ed36287fcc843a466e393cffaa7040f1,"Hintz, Bauch and Smith",health_fitness,-98.927598,27.728035
580fb6ffd44f0ea4018e9dd8c6357a7c2270c3131a28ce8b53164cd73444f3ba,Mayert Group,shopping_pos,-71.193371,43.629346000000005
b9c1feb29da974bab09fe913138b2234ebcf972643331627f233d692fb51130b,Fritsch and Sons,health_fitness,-72.499344,41.738052
1f9f642e98035cd5f11608b724f4a567741afa91bff9401fdf2c42ccc7d1484f,White and Sons,home,-96.68019100000001,32.552715
de745bb444a0830b277eb5d6b9a3121838631ac443836e675c246a3748b8018d,"Hintz, Bauch and Smith",health_fitness,-84.13544499999999,42.711656
552bca665a674fa000326aac2fadcc34c74d1b4e522036ff29443752c01e8fd7,Medhurst PLC,shopping_net,-78.54651899999999,34.759843
c38d91ba39727edeae08b35ad696d13721d569bae8436b7c6e6cc126a985289b,Ledner-Pfannerstill,gas_transport,-93.70780400000001,44.749084
cdd02c96e111b9bbe8d5f060843db702be0c5ea61cca4006ebd9f201c1503977,Beier and Sons,home,-80.16976600000001,40.787864
7097d27008fd637a0939033ef263135829a559e96b035acb240d65f7b82112e3,"Berge, Kautzer and Harris",personal_care,-108.45535600000001,43.363921999999995
ccf7c76dcb8884ab78b62b84d1bb5f87a0f1e12c829619feca7e6ab3d42bc07a,Barrows PLC,shopping_pos,-122.609583,45.240033000000004
70819df03060ac8896ef90c8fafd07bfd94d7e07f77f86fddc67b4608d19e52d,"Lesch, D'Amore and Brown",food_dining,-96.249599,33.444533
01c4418dd2fa87e8db4b80cfa162f76461db47fce22cb3c89301cacfa590f271,"Kihn, Abernathy and Douglas",shopping_net,-106.62151999999999,35.377937
543582cac32f20c521e2ab821636d825ebfa2fd4174e17ac0acf273a22630bb5,Gulgowski LLC,home,-88.813076,37.618108
3bada88eaf493e4436911c13fc13d882304046b8bb5098d50a18de93b1be92c7,Pollich LLC,home,-79.018129,38.412664
0fc60802f6c8af5c99a043f3647968edb6e019d4851d51b29c06c3fdc6861ddf,Altenwerth-Kilback,home,-84.259784,45.419457
3deb6865eb311302ebe179010e8842d5c28d5d38fe154b76091d1c04a1f166cf,Ruecker-Mayert,kids_pets,-108.98283,46.250381
6129549614080c06758527c1e344d4bd835d88a97ffb1cd8fc773de335019a6c,"McDermott, Osinski and Morar",home,-96.179015,32.02622
94e79904ad0104e4395b66ab80548721a59820030bda3e148c2ebb606e2002d5,Gaylord-Powlowski,home,-79.569941,38.471008000000005
334cae3d3b185e7ab6087011c1c4017288caef9131951988a00e705c53463135,"Ledner, Hartmann and Feest",health_fitness,-104.87400500000001,39.782236
63554d5fcf306939c5c31ce0affb2f046bb9df440df32bdc733068b26dee293b,Lynch-Wisozk,home,-73.912787,40.707374
48c9e37f0c414b345eef5ae19dec1cceec3d5a0c5ecf8f129f2d4379f5d49ff2,"Becker, Harris and Harvey",personal_care,-76.4505,39.899521
d0b7f6a852c5ab7b3bdd06585acbbafb2f23ce55c0944769e17bad17bfb668c6,"Berge, Kautzer and Harris",personal_care,-123.16098000000001,41.586814000000004
bdd6cfe6194be7dade30edbae4b6437138ccc73adf7c4ecf217f868e4967e3dc,Erdman-Kertzmann,gas_transport,-79.330111,38.06783
4b69288d68aa75c7166a2e74781b603015094e413a23a0a7f19f41e2851cca9c,Carroll PLC,health_fitness,-89.77256899999999,29.529684000000003
8bc3eba021de6c0c8f29598928834f3cd4c1a1b1fec5102780ed185b7fa3ac70,Kozey-Kuhlman,personal_care,-74.319717,41.855381
e845098a1992336c0c89e734183a439ffc526a5831df0983e74fea45f9b7c6b5,"Schaefer, Maggio and Daugherty",gas_transport,-80.391343,38.8741
640d7102fa204d19e41f6c8f3e7c67fb9f0c8135ecc3cb9231fc8c5daccd628a,"Welch, Rath and Koepp",entertainment,-90.996781,42.533914
42a95d5a12ba2bbd8da12b303da278a4aa94b01a4ed5bd85086692443fdb3d9c,"Quitzon, Green and Bashirian",shopping_pos,-83.12519499999999,40.651796999999995
bb4b4d76337dedf8116cdbdce4c5e4fe790e0df6ef74ac0b8ddd36ee0b51ccd0,Beer-Jast,kids_pets,-79.093014,42.970203999999995
fac92f8ccfb04aa70ca46cbd835aafab45e52c3ee77088dab8ee6df667cb0444,"Stokes, Christiansen and Sipes",grocery_net,-106.2421,35.063619
bc233f222089ae2d90bbca24f193f15cec5e2b7501e983377fd9d666d373c4c4,"Streich, Rolfson and Wilderman",kids_pets,-78.72903199999999,39.783428
d575675371a77526a8094d95737b3cb655dacb264a2734bd564680aa17a65aed,Corwin-Collins,gas_transport,-96.759372,42.123682
fdde22f36b737a2dc3e8a64f68acff1847fc0c25ab8eb02ab983f166d398c8a1,"Roberts, Daniel and Macejkovic",kids_pets,-98.292109,35.906876000000004
11fff8b9f1ba3b031e8e934ba862a0ea4e3876972ee1778a4387668c1263bcb6,Hamill-D'Amore,health_fitness,-85.668464,34.661291999999996
503225f12dc2775ed38eb6b2ad0d12e3931703352e106579b640b4c5a8b4a3d8,"O'Connell, Botsford and Hand",home,-96.02839,31.657356
4842ed1877a7921ef08ac6a6532675f5e7a9dffa120e41e1dcfb432ba2c322a3,Heathcote LLC,shopping_net,-105.08223999999998,39.944739
0c55dcc7b009befc9da44c906a54b88c77f6c6154aa5e9ac2b9705c41107f1ed,Dooley Inc,shopping_pos,-95.829063,32.861304
d4b28679f426fcdb45a486288f56ad8a56dae5aaa03d2585bf5b5620c943c150,Kling-Ernser,entertainment,-78.077567,40.124978999999996
60334a2add9f149ace865122a740d58bf40d384b76e42b980c21d12fa846d63d,Bernier and Sons,kids_pets,-104.86811100000001,37.103273
68d595b081f8b9caf12913076d91d533172a367d27b844d6cd2c85277e60c195,Berge LLC,gas_transport,-94.08424000000001,31.680455
63fe504f4f4363c98331bc1405de57fbbee3be9dd1677b78e4c052b1f766b566,Gerhold LLC,home,-77.560792,39.529375
98b72493950c4206d60d91a7b3d325d7d68b5c35d9683e09940843d7e03933f2,Schaefer Ltd,kids_pets,-97.130155,32.959674
e9c0aace6080d060eacf00bbbc20582c5edb3b4377ceeb3af57bec873d1bf23c,"McCullough, Hudson and Schuster",food_dining,-81.907066,40.574729
3c7d82c8620182ca5f59aba07272b311bee33a73467f7d0f241dbcba5be7f925,Denesik and Sons,shopping_pos,-71.703121,42.948728
80cb29d4df54a00dc6b6026671e26e6e5ef30b2d7e73f64ad828c7a21a8afbde,Herman Inc,misc_pos,-88.547629,34.079696000000006
b04017fda10f50abcdb6bc46e7be46902a418a17cc7959ddcfa60709ff22b274,"Wuckert, Wintheiser and Friesen",home,-121.787626,44.862493
bedf990d592d913e29a27f1ad194e926933a22adeb2080c61064c47a4710f576,Monahan-Morar,personal_care,-77.232251,42.415132
34f6e5f1f8f5f98190aa2af108e5aac35be6eeec8109c082a6a6ed6ea4d3a8d7,Kutch-Wilderman,home,-86.863691,33.068016
bf2ac7997328d8a0137d7879c0adb7ba5fc8c8f4b76ec5d470ba09d911d9451e,"Quitzon, Green and Bashirian",shopping_pos,-110.69136200000001,32.469997
7151c20951ef33bf360ebf2e9af63a09945f6c190bfd12c6bc9ecc881aac7647,Schumm PLC,health_fitness,-81.412421,28.016274
92f9e9ebec63a95c361977104daaaeb376b39e35512533dc2524ddcdf222533b,Mosciski Group,travel,-81.005397,38.174527000000005
6f9e96292bfcb0b4b7c7988cc26b6547cd0e2acf587bd786c073158e66eb52eb,Skiles-Ankunding,grocery_net,-72.04535600000001,43.7011
533448c43d61b0dc7d80fec7b994600632e46a9414195aaf247f6782ec4cd671,Larson-Moen,entertainment,-121.82231499999999,41.720971999999996
fa8721c0e1f9874782859d4826aff78e44a3e788610a882c600d826cd7bae390,Fritsch LLC,travel,-94.120707,43.6287
343693ad110fda94b2826df0ce9bc86a0b01c3a1e1abdc41d99d754be5a9d5a0,Bernier and Sons,kids_pets,-75.241299,39.695677
4848bb33f0a5c9d7ab2a7055ba1d5391c99be2681ea6a6a8e15f9d0ffe56155f,Ernser-Lynch,food_dining,-123.25109499999999,40.974659
68c167dfb0a88f92ea5899aec81969419315f2f1b6dfd27ec3ff311f62c0860d,"Moore, Williamson and Emmerich",home,-88.980412,39.061886
769a7a028fe2367e44943d9869db9231d59243412a6c9577606f3e4fe8574494,Baumbach Ltd,personal_care,-165.672907,65.389987
f706375b3d683355cefcd394231aafccc6f5ae9086eefe1de46e9020d0eeca48,Sporer Inc,gas_transport,-90.780078,36.330038
92d31a11d7bc0864b19947a98d6842bc3eb0019409e78c77ebc49ffde57a2cfa,Hamill-D'Amore,health_fitness,-84.553353,44.881515
3ae637a1b21433d2dad18d74bdb562e2f21e84936aac2a57b8780bf9ea76995f,"Mueller, Gerhold and Mueller",health_fitness,-76.86901800000001,37.143496999999996
18323dc6b2af38286efb11dcf15f7f39b2e390ada74e0afac19f2bdd9eddf124,"Graham, Hegmann and Hammes",food_dining,-84.146641,41.563748
e666da3889ef503bec432ab802aef6d42cfb3650447b22cbe014e85581e742a3,Stark-Koss,home,-79.951722,39.816418
8c9832007ad383d6000472b9a444677eb064ac92720e0d053074c46c05ede4c5,"Runolfsdottir, Mueller and Hand",entertainment,-98.01293199999999,29.165407000000002
f34918fe404d700848b9ff3ef3376ecb65bdd14c3b1a20032b15264dab3cc94c,"Streich, Rolfson and Wilderman",kids_pets,-68.095833,45.198169
3a0fc65aeb73ff07172cb8351ef1d845c0b10c57848b2fce9be00de818e6e1d5,Reilly and Sons,health_fitness,-91.859509,31.342593
3c6d619eebe88a937ee49ac121014c93198afbbf6bc62c3bab19371afbe790a9,"Schuppe, Nolan and Hoeger",shopping_pos,-155.337647,19.599726
1167698470aa5e9978a10efb425f42ae3f5db5e0b03303821fcdb22a7a5cf182,Runte-Mohr,food_dining,-99.665249,32.864709999999995
b35e65e4a34db1adc7ba2e514538663b1171e16eea4e978293b8f899a8757bb0,Schmeler Inc,misc_pos,-75.82378800000001,38.221834
0bcc6941e67904a6e3f41b36dbb6c99d9cde9de05bf533047358a3dc58c163fc,Yost-Rogahn,personal_care,-123.080707,45.811261
70b9e0a666b1fbca1546743240eaec7daf9c605d88681b60fcf7439cf8ba2d40,Emard Inc,gas_transport,-116.41671000000001,46.902305
9b4a10cf706074c062681aa577c52fac26e40db7bbe1096a9b391cf93f15464f,"Stroman, Hudson and Erdman",gas_transport,-83.328079,36.325556
ac2bf7228e9ed933490f86959b1cca73d72e8967c472abd2607968ee086010e7,Lubowitz-Walter,kids_pets,-117.682686,34.893652
68a4dcd5f3dd312163e3b0acbb6a12a644b01cf994281f4ba55e773bdace7440,"Mosciski, Gislason and Mertz",grocery_pos,-84.58295799999999,33.632971999999995
ebe8dff7f68b1e1bbaf5cd9692a2d4a5a0b06e9851327105b2b148fb2d9e2ab0,Homenick LLC,personal_care,-96.872895,36.615139
64313b8ebd205eb303f7cc8a2cc04eaee8529ca022a15fb627d7180f54d5a071,Breitenberg-Hermiston,kids_pets,-78.67971800000001,43.119601
fd0a7260fa53c68a3cbe4736e3cf3c323bdf74ba548f4c21fbf8764ed4f8ab6f,Grimes LLC,entertainment,-88.60997900000001,39.223139
e03495b98be3ac989b11a46428911d4e2630f03c13f0696a279e9de0a1fe32c6,Volkman-Predovic,shopping_net,-117.94896399999999,33.508998
995c39db6cae88cc19b91bbe3c57e273b77f53148f6eec24a7a8015b915d13fd,Jewess LLC,shopping_pos,-111.806381,33.142637
c8daace4ecebd72ed01e7e8b9ebd360d17be3c56a0dfbb11c79c748c970f8cc8,Hermann and Sons,shopping_pos,-87.54092299999999,47.28355
5c5c5ba6d558561e7d3d00315f527b5259a566013fd4485ad4233e701abed676,"Berge, Kautzer and Harris",personal_care,-81.12572,27.504831
292bf16596734344b7e0057e374c2452e75f3283eb09f98e9ac9e32e26b43f37,Hyatt-Blick,travel,-95.984998,39.845751
1d5fe2f69595cd9561dcc1115d55ed541a1d6ead21c73e3f7e0c4ed0475f842f,Connelly-Carter,home,-86.69665400000001,39.397946000000005
1fe0cffdc1c918fb0125969147c42a2e795e63b9b73642fed4f0b4b8b284ac1b,"Raynor, Reinger and Hagenes",gas_transport,-105.46406,41.229067
1c07b911cea962c46f4e47d709e7095dad9014dc01c8269478081da39001d8ed,Kulas Group,health_fitness,-112.31960600000001,47.659177
e35f15c6352ed3e508c25d3b75a6c1a14a88755d56700d6b413ce4f3d278f48c,Auer-Mosciski,grocery_pos,-93.01772700000001,38.589273
de71dad24d5d879c6859695b3172603bff4c59bd8b0c71645d097ffb18a38b1b,Kling-Ernser,entertainment,-85.956486,36.316531
f8f4bb606f63a3b7586c6a41dc5068cd9ea510d29cf665351f629f1007b88d6e,Kunze Inc,grocery_pos,-81.806937,27.436645000000002
8646f29642ff70ec196cbb2d19588368b55108558f7458944842e81203cbbbc8,"Baumbach, Strosin and Nicolas",shopping_pos,-75.323081,38.796128
6756ee46881dbd6e5a80a06f373a04be88b480e23f30bf96c2646b6892df3ebb,Predovic Inc,shopping_net,-83.756378,33.926513
dab88e84532ee96ce60b172efe894a911b8151980ddf6d77356766bd7a5967d7,Jakubowski Inc,home,-75.425462,37.440633
7ca6a9c56cd648f1e3f7d4a10fd60aca080fe35b1223d696f398df32a96b6655,Dickinson Ltd,misc_pos,-84.684551,45.100435
5ed35d0e53d73e7c863a19dd6c2b170cde67330ebf73eff672311bd4660ecf19,"Berge, Kautzer and Harris",personal_care,-80.100738,37.630727
9bc83237a40bdcfe9266bd0b76342a0bb5bff272b30c1f163fcb0291e9d5c2ae,Johnston-Casper,travel,-96.135389,40.977942999999996
d5ebf9adb28afb4466028e074cd36c01dfc253ff606c9756155b26d130dde770,"Medhurst, Labadie and Gottlieb",travel,-84.95366899999999,38.887597
26e2a73191676f2060ceb18c93cf51ff51f6b1941540798e862c4381924636fe,"Bernhard, Grant and Langworth",shopping_pos,-77.953863,38.281718
7f8b4f267e8f2e706ffb9cfb30c44435f51edeec184f0e92dc8ae278a683a921,Kertzmann LLC,health_fitness,-79.800358,34.424564000000004
08f90c6af5b52fcd2b4b5ce42456dae646b446668edfbd6f8fc62a3df8f60635,Hilpert-Conroy,kids_pets,-78.115454,43.770821000000005
69235a74ff92bad4ed7991008cf63d006af02ac3ef7a9e47d9ce169059622655,"Stanton, Jakubowski and Baumbach",shopping_net,-73.110101,44.664235
b250d52fba7f99eb30790b2fa4f67ac3bdb5c2f9334ed14427e424a90bc4b2fe,Treutel-King,travel,-103.74118,44.310055
76bb3df659d2339e54b6a17a4d4e254c4c85ae5f7d2ad395aac93969d07bf4f4,"Dare, Fritsch and Zboncak",health_fitness,-70.928315,45.034543
771e05097e9b74a9135ba265eeaea99a9acf2c97005b61559dcd03088a1dedb3,"McDermott, Osinski and Morar",home,-96.66513499999999,36.078074
d6a67f294aa8f53d1ee39f557cf5fba70669b52c7216fc1315e5e3808b6e805e,Hoppe-Parisian,kids_pets,-89.875102,38.789938
84966b84303bf125b1e925b837bfa3f4af7015a5113fcd918805bee7c96e1fc1,Collier LLC,home,-83.296441,41.920889
6d4d2c63460bf193280080b67da181c8aa5d65c346733a456e8ff51de0d7bb21,"Goyette, Howell and Collier",shopping_pos,-73.265902,44.74268
688719d279b676c2614f3c139f62e155a2ed12d7255fe7015d8b3240aeaa2444,Hills-Witting,shopping_net,-87.01898800000001,45.447156
b17d160d69dd46041f03b7502b7fa744cf884fd1447898a7a98de289b62ee133,"Zemlak, Tillman and Cremin",personal_care,-95.402688,42.175079
5a7b68b4e129ee3a4c7d70a85f71875bee0968e34ca2bfa94da67799a4397abb,Emard Inc,gas_transport,-76.184848,38.837008000000004
a09c4839dc08caddc02b8b7a2a3b7bd56d90147703a95e4ceb5b18c8f9c84419,Lind-Buckridge,entertainment,-70.72874200000001,41.639408
9c67d825bba806f09489937ed325030c031c6347290dac125af620ef3341f0e5,"Pouros, Walker and Spencer",kids_pets,-122.854634,36.96582
4123b39ff6f42b7107b0775fe8b07feacd2be10cb0b8179c6783a93a8f0e9a47,Conroy-Emard,food_dining,-90.771912,40.000232000000004
1e1d21fd7dec99faf343b2028d33507e8fd7a964afa742a74027ec9d264ad836,Thiel PLC,misc_pos,-97.408787,32.617703000000006
872a1995eaf096ce9e014a015fe32f9586cea035d4e29c6ad1ba30d9e651dbce,Gerhold LLC,home,-95.330005,36.984326
83a8618e5b768565a4e3d5181f0bf53b8883bfc6e3ebcd5164d7426d82600195,Hermann and Sons,shopping_pos,-77.878316,43.492434
a56aef67281ca28d133d986abc58cf497b9427a5571862d0d3c85969b36c140d,"Mante, Luettgen and Hackett",health_fitness,-92.41663,29.28851
47b04c693a3f1f7b991c4f099bc160ab80ee45e66e9f26af35219f45de5549bf,Gulgowski LLC,home,-92.675387,35.255428
94add2ee0c47f31371f0e7ef5869ca94d5c257fe9fc3a5fce4e56becacd2ea3c,Prosacco LLC,personal_care,-82.745311,41.474396999999996
6cd897855d8ff74689e10271df974dabe19c7dc3d1279c0d35cd736840e8b47b,Cartwright PLC,kids_pets,-98.06559,37.951728
eb84e08adaddea5a530660545fee600c7b277a2ba099d6b377368babd59a4a89,Friesen Inc,shopping_pos,-87.424328,45.810611
0a9baa565cee51075d71476561bbd3fd8ce2611166960784e2ffda2692b1a2ca,Gottlieb-Hansen,personal_care,-95.727562,31.083078999999998
0a69ef748ffd70d4a89ca012c91477c6e44d4cc6fae60fe13a04b9972122daea,Lynch-Wisozk,home,-91.06814399999999,34.306881
6c458640a314c705668940fb38d8b0f2ddd688676860a62e9a2b496dd9b74936,"Bernhard, Grant and Langworth",shopping_pos,-72.65697,43.327220000000004
5b7bbabc36dfb2a19875327492a175f57b660726b7735086a7ed275b7ffd5ab1,Lemke and Sons,travel,-86.63680699999999,33.839534
5bc6be1679673a793d124ee48b9170d07827da57c1f8d2b2b98e44453e58a669,Torp-Lemke,misc_pos,-87.621439,42.30712
1ea267264d072dab738c7c126d9d4b85581b8eb5e40611d6dd2dae20d170ef41,Flatley Group,misc_pos,-103.776368,41.682194
ec7f8b215bdb3c492f71990b7cc319edc1b351b53cdd8f8597ec3c772de037dc,Kris-Padberg,shopping_pos,-91.649172,39.005932
e4583a36b5cc06adba63f6566e30eb456ba8b1d7c007cb51c0071fa013805ebb,"Konopelski, Schneider and Hartmann",food_dining,-99.40771,36.559645
2ad0c3b5aaede51cf00372fbd74a5608bc065a3774f074980a12908f0726cf02,"Walter, Hettinger and Kessler",personal_care,-109.47275900000001,41.893217
4bc15944fafa5a33422b23e84e75ccab8148d9831619efa4269ff553f933e241,Schimmel-Olson,kids_pets,-93.033773,39.206677
8adc6fb23870a4d65502019e6c2b6f8625f3bb792bcbea2032efb812551dd5f4,O'Keefe-Wisoky,food_dining,-104.007592,29.273326
3763626a7ae5e42b85c6f77603906ca218f61bd1a058e20e3fc4f861920f542e,"Wiza, Schaden and Stark",misc_pos,-87.779067,33.790273
90cd1d17882d6770dde0f4b19675be72394af80269110753f6a086a44b19f3e5,Kertzmann LLC,health_fitness,-82.388992,28.889805
05f9213794bb02aad1a9d237ed66b1c01f62559dd02c094fdf04dcd46c8562fd,Fritsch and Sons,health_fitness,-87.656536,32.749836
5bf125dadb080b27e248d0862eff706dd782ac6985cd0fcbfc3231bea4359005,Beier-Hyatt,shopping_pos,-87.39621700000001,40.99785
1311ca641368b13203bdb00e69690e1e28b6a98e61c2ff9d166b98bc703c34f2,Rolfson-Kunde,personal_care,-90.344172,29.572057
fd0273cbdf1c2a026d9315cd51793e75266064c3a384f7a348f8034379a2c34c,Jacobi Inc,health_fitness,-89.181596,33.308845
c06f76abc53adbc76ed4ea366e0b0ab517b1754ee50cd3090b76d5ad043cf616,"Torp, Muller and Borer",health_fitness,-72.651235,42.446760999999995
3bc8f1578e9d2e780d9f7caf50c25de615ed1e1cf982bdfcba527aa9fa7b7fe1,"McDermott, Osinski and Morar",home,-119.426588,34.052299
b0243c3b1a77b38af9d5eddcd517a34b491e7467fa823eb7975e8bcd01ff850c,Hilpert-Conroy,kids_pets,-116.23693700000001,33.831325
bd18e2db84c265bb5dc4188457b3d997f5180f52d4006229e5b1c7c4e6e1b136,"Moore, Williamson and Emmerich",home,-96.076696,47.043127
fecea01ec2d6d2468e316adf1bccecbff09da1290b73fe4d1f0300f99dfec2aa,"Schumm, McLaughlin and Carter",food_dining,-75.877332,37.647104
b71d15d92e8ed35a7d34041a6489d0f033e51aa814ef7cbd9f5920a925947cae,Bauch-Raynor,grocery_pos,-89.27115400000001,43.888658
f0056de781a5d61852d4de892139e040499264df29f71f2bea7d4c20b2dc1b3f,"Reichert, Rowe and Mraz",shopping_net,-122.90466699999999,47.841848999999996
a89351f0a01b9eb756bec061190103813345fdccd131ca2e255f024238833f0e,Heller PLC,health_fitness,-74.811774,38.727083
4d2e7d2a992b47482833bd67c4f095b535008402aef400597665df75653e8aa4,McGlynn-Jaskolski,misc_pos,-73.08205699999999,40.692103
55773978d351e1cf0fb131322e801f2900f6cad823531cc1d9453c573de3f652,"Romaguera, Wehner and Tromp",kids_pets,-89.245261,32.134367
d60e7e2424021157f0f29e74598a310621a61527e294e64a7ae8603fe57169f8,Deckow-O'Conner,grocery_pos,-124.86686100000001,44.461804
db057f21578d30250292b0ff0455e2ab47603a7305dda4eb05fead23267fa875,"Graham, Hegmann and Hammes",food_dining,-121.49051200000001,38.032861
1391c4aee251a5e4a4b6e6a0d5859a545f883119caf31520671421ccf40103c0,Kassulke PLC,shopping_net,-105.80845900000001,40.80032
6f6d7b5cde2cab705197a6ce9859117ec03a2a563ff2ed9326877bd8121fb358,"Gutmann, McLaughlin and Wiza",home,-89.370998,34.862946
8b8033fd4650fe0b25c7fb41ecec843f3f86337535cf5ba1d2fd7c6d242dce7b,Waelchi-Wolf,kids_pets,-95.941523,30.341331
f8ce79f97c3e44fd3479d61328afb1598e3dbc91d224c3c3912fff59db0beefe,Renner Ltd,home,-86.594497,37.653960999999995
0c3050512530f46f9ba63bee02318573dae2db169aded8cda6b1de5760c15ea9,Erdman-Ebert,personal_care,-72.683255,40.791799
fd664d994fe1e2d9eda0d42f3a1a4136185c941747bea778a151c49495016121,Kub-Heaney,health_fitness,-101.777693,32.439890000000005
11675a8d40993cc247275432c2187af1a3434af98c1c96b85dd586080efa9a30,Rolfson-Kunde,personal_care,-117.530736,32.778766999999995
170b8cbacdfed5aadb63ebaf7649964027f977cdf3c6ebf6b47942b4f2efaf96,"Baumbach, Feeney and Morar",shopping_net,-113.597641,47.973642
f7e925444e7f5236dea1053803505c0c5cd5cf75b922102e7a506b74aee862bb,Kulas Group,health_fitness,-83.632635,37.975572
4ab7054bb9fa74896d09de64ea9e1b8f80bcd4837965f488b6cd0224182420e9,Runte-Mohr,food_dining,-75.587654,39.040991999999996
3feb58361ae98cbf28d0d495b471c3e9feec065a674a90cf78d6cb850f3198ec,"Kuhic, Bins and Pfeffer",shopping_net,-68.499622,44.764098
6b86c914ecbc794c10019799d294bac3e58e248d6e4aad4d40149be4c71719d7,"Schroeder, Wolff and Hermiston",travel,-82.644269,41.855958
50f42611c9128c5183e15147418d9a05a392b596909d0aed8f51bbae3abb3731,Champlin-Casper,home,-88.219262,33.596754
28913a42a77c748e33a84441f26e92ab068596aa94fc8c2580247484b65a69ae,Denesik and Sons,shopping_pos,-83.162044,30.673826000000002
8de2e1c952231f08f1536d36d4dd93fe8852e1134dbb70a154faf4c347072b34,"Yost, Schamberger and Windler",kids_pets,-92.922327,41.036215999999996
3d5adb0ca142a4b5782dba3d83c035e073fff57a3335e19bcdbc521af5cf0327,Goldner-Lemke,entertainment,-117.472283,43.628308000000004
39b069aa357fe03c1cebb255d14affe3185c5925953f2f9bb26bd774c4a79a5e,Erdman-Durgan,health_fitness,-78.408407,42.007058
9fcf787625490c31e0e6cbbce2d07750b9fb8ecf5486785930f9ebf666b97812,"Nicolas, Hills and McGlynn",entertainment,-80.239521,40.515755
a5871c5b65f9d14600d2647974c8fe4ff6e326877ed4f38cbe354e632325f57e,Lynch-Mohr,travel,-73.93881,41.982312
53727da514edb4fdb39f22d7eea3cf6f7c10b036df9ed698dff3908e8af70149,Bahringer-Streich,food_dining,-89.662287,40.238193
33916ecffe184d5e07b6b1e256c55c8c3acc055dbf1597bfded820f430a05b81,"Koss, McLaughlin and Mayer",food_dining,-72.135343,42.630707
e3864bb53500e54792a0efc8c9a59acb26681a07df90e8aec2a9bd86183bca3a,Effertz LLC,entertainment,-81.515909,33.74242
2e02fcf313f86a63e37beed64b0792dc7ba04c9d3b64eed9fd8d615e5a94f0a0,Breitenberg-Hermiston,kids_pets,-84.409504,43.865320000000004
804549b933d94fca5206e72583fd03de0f4fe12a40410028963d2263267bf65e,Stark-Batz,entertainment,-77.17625,39.8444
2b86ab8c434dd802965b25c4478676ea35d73cb275963eaa0268f9e0b346df4b,"Schneider, Hayes and Nikolaus",food_dining,-94.850693,38.449546000000005
2838865b5bbb461f63195a06492ae020698a148985c16d02d1593c0a5297fc6a,"Stanton, Jakubowski and Baumbach",shopping_net,-97.237175,32.156905
00b4f0a1abc2cba344a76b9f72b8c77385c86c924f3f327f4a0c910273371e68,Champlin and Sons,home,-96.60822900000001,32.556114
c43f754376e222d6f65bd034682863f3c5e587688eceb995cba35eb80066e55f,"Wiza, Schaden and Stark",misc_pos,-73.76770400000001,41.708791999999995
79681b77f0d5013b919455690acd67a55c473439303c9fca5ca7d154ab25b454,"Goldner, Kovacek and Abbott",grocery_pos,-103.291441,43.127140000000004
cc003bd75530823cf09028e730537a2519525e7810d7c7bf51e960b322abafe9,Bartoletti and Sons,personal_care,-74.969096,37.834553
b165856b0902cf2f6da6fb26edbd4803f7685e91c7b5926fabc5437885520ff0,Kautzer and Sons,personal_care,-116.684895,43.749837
296fdb514f34341a439235e75ff613e4c4fe1fffc97aeaf2a57de0dbd58aac03,Keeling-Crist,misc_pos,-80.29906700000001,33.585968
52da483aed52fb5c75e6d53a7deb84940d930af9a60a617151e33c2f7f26e778,Shanahan-Lehner,personal_care,-89.365391,44.490425
96af215bebe79703678cee95ad272946ce65ec959a9085fd0ebfa04ca6110314,Thompson-Gleason,health_fitness,-114.165521,39.39999
c90b7c9ee9a061091a6f832e4f18750ffcc1e4004b50bcb33e0a14d0b4c12950,Cruickshank-Mills,entertainment,-74.977028,40.457978999999995
ea74c66dd6fee6913de10bbc2f7e4fe44a51e4348849dc0332d8636b99960cdd,Will Ltd,food_dining,-97.587399,40.043068
1afe2a500a8f9031cc6de5f782366ae21f1e2fae37231a9fa661274ff2028316,"Hauck, Dietrich and Funk",kids_pets,-88.27499,41.881634000000005
d8d5e2c7c70e2b41563c99148e90e4641effee01deb43aa3d632cf2b552860f3,"Kovacek, Dibbert and Ondricka",grocery_pos,-94.657276,39.363753
a231e47ace90a39c1743739653a32b2014d83e5434b793012aea445141762e31,Streich Ltd,home,-92.952229,33.203031
bfe536642895aa26bc89cc86c803aa625387a545bc1dda165043a4752d30daf6,Jakubowski Inc,home,-124.787554,39.704205
a633d001ba231a94956cf8227804155e3bd97146262c2b24d9de09a42a40b2ea,Cormier LLC,shopping_net,-90.23043299999999,35.825207
60f2fbbb2ec1f641c49514f2cf724ac620f7dd200788a1ff39414932d4ed9c16,Fahey Inc,kids_pets,-94.43231999999999,33.805544
50ccfa30bf4c2bccd4da1d8491ecc47d2a41ff74993dc9608dd2fbc4b5b8ae88,Kutch-Wilderman,home,-119.50835,45.608745
a9d06f5c21c3c6718342dd11149cb9e693f194d15988c80fd1573bcd36b18813,Nader-Maggio,personal_care,-93.105373,33.739267
e06638be7e09ac742c666a430068a3acc23d615d662112dbeb7d482e0ef6e68a,"Morissette, Weber and Wiegand",grocery_net,-107.28133500000001,43.802428000000006
bb92cb32c9be0ee5738e8c06fc843cfaacec944b87d1addb3f3c9ad6c8755cf1,"Monahan, Hermann and Johns",travel,-103.028083,40.296949
f69693ad80fbc76a09017178ca822963b3f7cc972624d4ea186e6d1bd2facb66,Erdman-Durgan,health_fitness,-80.305675,41.15511
243122e432d48764443750f829501fa5fd9368616351bb847b02673f30fe43a0,Maggio-Fahey,misc_pos,-80.374709,40.088654
3b62f4124c4df99e96209217e78fd8ff9dcfd0fbb7bc5ffaca51efff973d7bbf,"Prosacco, Kreiger and Kovacek",home,-77.35052900000001,40.314693
3a068a8c10c257c2af0ebdffe174abdbc35dec195615173ab1720aed3e6aa6db,"Labadie, Treutel and Bode",shopping_net,-81.930513,27.451231
29eb6fac5692abde4f2bfe83b6a3926e77f35137f1d1124584f6067b12c0662b,"Roob, Conn and Tremblay",shopping_pos,-84.87647700000001,31.660884999999997
94a8d1aaddcd8958f5b8a2ee1728aaa644ed9b0c82caf3bc9620806600d6248b,Schumm PLC,health_fitness,-95.56639399999999,32.580321000000005
21ce9409af58c1c95cf37629d18cdaa4731934820a4cf4257d75f25095db16ba,Berge-Hills,kids_pets,-100.102939,39.197559999999996
b192965b13d3bbe5c8c1b7cd1e457a3a322f1dc4152b37dd4f0a57414bddc8b0,Goyette-Gerhold,kids_pets,-109.38373700000001,43.884203
e942f0139e374b7fa9c2c29c796a63603c654d9f4529153c6557cb958987aedb,"Schiller, Blanda and Johnson",home,-88.991982,38.284279999999995
2bc64d8e813ff451a975c0317937c84300df304383bd548ab922917ae1535c1e,Bernier and Sons,kids_pets,-92.150945,36.455184
65997b0b56fa8d5007d7017073e2e92658f0dd00a3e8827500db93eddfbc0627,Feil-Morar,health_fitness,-84.918362,41.709843
9a638d6d6d640621648fa892ae27481d233e88035e685419d87300b5e68840ff,"O'Connell, Botsford and Hand",home,-74.923788,44.513683
b12b5804f28dfb06a7a6978b80a006393522f7dbf6641bcee5a13bedaf37ffd0,"Reichert, Huels and Hoppe",shopping_net,-96.663555,47.732838
7387edc99ea2e65dc03f2de79b4b825b5c714dfda10b0f89a3af5ecc8dac63c7,Eichmann-Kilback,home,-86.418705,31.016027
e9829acfaf725a87e9bd4b7582a3eef4f4435e482fe04612599bc70f17de4118,Schimmel-Olson,kids_pets,-91.791974,40.798211
5808828d89dab3402061885f80fff3a1f5b92b8e26c7ec0064cdfcf0a05fa0bb,Gleason and Sons,kids_pets,-89.15664100000001,42.578451
e5a532134d7de3dc48fe097291473f073a00e90536ce0bb5ec9d7396e3448ae1,"Koss, Hansen and Lueilwitz",home,-81.939943,33.587385999999995
11ae7b39fcc6a04603150263ab68d5892fd5334ab3052244436d6912c0df3c5b,Jast Ltd,shopping_net,-117.01043,34.564306
43bf529486b7dfc0cc5f20d97cda7a8319778f5826afe9b1f819d4f47a45c3cb,"Quitzon, Green and Bashirian",shopping_pos,-74.516475,41.952515999999996
a1bf8aca2cc69e975a677fc052209a5da423b4ece4412e4f0ef49cd4aea08a07,Cartwright PLC,kids_pets,-78.588724,39.126176
e006dc8595ed571bd0a67e7c64b9edc418d7b8d02b283c314397a65073ece4f0,Hackett Group,travel,-92.084326,35.625351
8246093156be642858f9cc97d89ba97dbac93d385bffe4adaad26f0a59830a52,Dickinson Ltd,personal_care,-95.644161,39.088078
1a1bf8b37c8cf67042057670a80755f43f356f1e715620b107aea7613aa7f1eb,"Schneider, Hayes and Nikolaus",food_dining,-95.067308,40.824327000000004
d31466183f058dff32780f9ed64423f33fee3b785a7592cfe7bcb36bec385e5c,"Moen, Reinger and Murphy",grocery_pos,-86.334727,31.412374
d5f125f9a9c7b18dd01281300918c18b8095da28524bfae35e0babd12128eab6,Medhurst Inc,home,-94.02526,42.50312
d53d3fb479ced76544389660c961a45813965ee26b31fa498a27d2804a470b05,"Moore, Dibbert and Koepp",misc_net,-87.636425,41.091189
e0125cc74ed4c1225b64298766fef6278e37114e3eea193fadde5e1a9d3c0563,"Lehner, Reichert and Mills",misc_pos,-73.91443000000001,41.565314
f96ac7b062dd5b75330ed606fb06bbc96bb862faa537e1b863ce54e7b14e9065,Jakubowski Inc,home,-95.618422,42.335169
528810d542a1b0e08320462d4ecc52b07e341455f9e6bc52d9fa5ff0987339e2,McKenzie-Huels,food_dining,-81.426314,32.246957
486e357d3028427cb65572a4552e4aa4d682e439f36cb22a271940d26949488a,Little-Gleichner,travel,-111.019342,46.678488
302f6ecd22d9673dc0e25aab91686050404143bc57c2b63dddc17838dac2d9e2,Greenholt Ltd,health_fitness,-100.835042,32.644302
5c5dfe0af0123783507f8f733f8a692120a6bf9c9ed8cdd95742fb0e783dc3b8,Parisian and Sons,gas_transport,-78.38282199999999,40.34787
7dc812d97975cc1eda52b4ad31bb7049b86c257f5f5af0cff2c36f8ea1b560ed,Volkman PLC,food_dining,-98.584662,39.50934
432ee7f4dc7a0fee5344df947bd9fbef8ec0a6768475011a1baf343f4fbdc78c,Schmeler-Howe,personal_care,-78.545902,41.219697
79cab9c6cac968d6df4bea18aa249abe931e9ccbd2c5dc5626ad5a6826d8c6c0,Barrows PLC,shopping_pos,-93.374791,39.097427
116aad9ee123518e84a13427e2d4545644e2d99b1ca82827222eea5b5c182dd8,Abbott-Steuber,personal_care,-98.784576,40.300769
2a7e88335bfc63cc33bc6598f96417e9fd89e5c4c5886f79c734f60fb9136859,Hammes-Beatty,kids_pets,-78.824304,39.679314
bc52769c531b7e64b962ee80e39d2b67ab24a7946001c772c44a6904119eed6e,Stiedemann Ltd,food_dining,-89.81033199999999,42.038171999999996
400cd5a4b5cc18c65508ddf9da6474f6a27904549ee9e289e3890a6eb78dc383,Stark-Koss,home,-74.82965300000001,40.346241
4df0cee354e2a2534fc8190036e940eadac77fccb06d745bd298a64136e01278,Volkman PLC,food_dining,-75.629587,41.479490999999996
53ac84ea80129cfd0d6cf8aa5ee396d1126b3749fde6fbf1a4316a775f7ad835,Frami Group,entertainment,-83.189536,30.863396999999996
5b5d7ca1c3b783d903d6d8665d59c30ab61346f626d769b19b1a6c50e8bc8a9b,Bode-Schuster,kids_pets,-122.614618,47.73173
bdb0d77d116522657199f9f55b7c7acb43c20f4b79cf3a848bc96f0b8502c350,O'Hara-Wilderman,food_dining,-112.903209,32.881491
072891cd813cca7eccbc91b7293e917bd71f59e9304ff2977085fb3b80b3ef3c,Kozey-Boehm,shopping_net,-90.996523,29.873982
d4633b52d75516f82e523767480c4bfdd04f439c10b6d29f5a864b365e98b593,Thiel PLC,misc_pos,-77.517379,39.100849
f94c1166ca9ddb15610947a2d1b169d976b90a17f7789099c9004d525aa1f8c7,"Weimann, Kuhic and Beahan",shopping_pos,-94.90787900000001,30.479748999999998
a3a508a7a02d5c1068201153f7c3c3b11e7942006d72ed22158afbe78b4a77ac,"Dare, Fritsch and Zboncak",health_fitness,-74.141293,41.33166
c1870f4b084b938c26c60e6e9c447c4c6f885b8badcb4a60f977ca69ad3da70c,"Roberts, Daniel and Macejkovic",kids_pets,-101.898975,43.152404
c9e3bfd578e5d6997e4c80033f4f014b9ccbccfa1c67a4368fed183240feecc3,Gibson-Deckow,entertainment,-93.87200899999999,45.902085
d3fa70dc476664d24ee3e319310cb4cfdcacbebab826779c5163ed39d620515e,"Goyette, Howell and Collier",shopping_pos,-124.744747,41.64788
f552c6880bb2f6bd55c3565fcabb937e4ef6a9a118bb316d785c0c825892acaa,"Walter, Hettinger and Kessler",personal_care,-92.440371,41.498039
3090b2359b3c9155ab47d835a70b602772d8a80b226950aee62e23461b6e8cd6,Leannon-Ward,food_dining,-99.411898,37.643704
87b2c6de0971206afca2620b08b0ebbe621c69affc307abdd3aeec93df3af5d8,Little Ltd,kids_pets,-122.652165,48.115241999999995
3ba2bf7267d5c8e98924236eb98674b9ff9e5ab3953e30fc151dda3600f7bf2e,"Konopelski, Schneider and Hartmann",food_dining,-86.877691,45.196791
d27d82764f7bc9983d46b92dca10dfe53384564855fdc266d4e51570d181b6ea,"Baumbach, Strosin and Nicolas",shopping_pos,-89.92042099999999,37.778054
bfe918b61dda578cdc3031bc61d21487b8441c9c3d31f1ee2e9964a99439ebf8,"Schaefer, Fay and Hilll",entertainment,-94.45087099999999,39.523140999999995
d448009bd6e4fcd05752a1cc8038280144cf695795d0b760f93148f78a13e859,Jewess LLC,shopping_pos,-97.328785,30.070854999999998
7fa80a84389e9929e067771b73d3c1019a622c929382d6d28661a413fdc97f31,Stamm-Rodriguez,misc_pos,-79.943045,41.599926
bc9ce0bc79f5d189a9f7489753c1ab68cb2a51a58cb0e0de7a19f9e05f122f95,Beier-Hyatt,shopping_pos,-96.012164,40.800574
c5e09c343d4632797a28b0d46f70a3435979bb3709cb0a68ebe7c6709a8e83ef,Crona and Sons,kids_pets,-95.966593,30.489038
a04dd0fa8e17ef114c65a3510dd2146a44521f51b90334b982cc327bcee56d87,Bartoletti-Wunsch,gas_transport,-102.83998299999999,29.252693
3cddf15e425d533bfca6477dc11a2897b4f6b7790d57e6e7f48a7db599224e28,Roob-Okuneva,health_fitness,-92.286831,36.813992999999996
4e8967f726bde535e753420084f67b3ea9e3aa06202e04225a3a73af73e2bba4,"Goyette, Howell and Collier",shopping_pos,-85.21520600000001,38.879274
682f3eeee8f0bdcfbefae74337f8f227bea40f2c4a9d8ea813f17104142353f4,Ortiz Group,grocery_net,-75.303196,38.397353
1d97e80cd70b452832c9be171bbb0f54daf7448c5579f978a449ad4385206b98,Rolfson-Kunde,personal_care,-94.936352,42.368327
54fcbea0980c4684f4d2096986a7860f0a61f76af2c03d5713cb5c8d0e47196c,Schuppe LLC,entertainment,-78.670385,41.078812
f55d6049ee9237bd3fa20fd177548878a4b11c2a5d64b01197d7540e4aeec51d,Donnelly LLC,entertainment,-86.516571,40.920685999999996
038d2194dfefc90c340343f8badb2b83dd2744d64d2f48ead0499ac6ae67c9c6,Beer-Jast,kids_pets,-73.518681,41.614307000000004
7afa535e194673f4f901e771f09291bc39f53ef45400a743a377b45c6ee508f9,Breitenberg-Hermiston,kids_pets,-81.110781,33.401396999999996
6eac047e34388a73a55be4975c347f0ae444288a2fb342a39ce8a3d59d1ba50b,Baumbach Ltd,personal_care,-83.182569,32.146968
19ffed7899588a7b77be735c10f38b528a54d5ef582fa7f30effb8cf5d77472f,Gleason-Macejkovic,shopping_net,-91.931081,36.787512
8a921d7854375263144b892e9d52a6ca55ac942d6381527306b29be4b813fadf,"Armstrong, Walter and Gottlieb",food_dining,-85.900607,31.704381
ed39d62f22d8763ad6cca4061a9299729ab379c17010e64f5fb9f3aaa328012c,Kris-Padberg,shopping_pos,-83.316029,27.080682
bb5347e1a2dc24d1e8bc6e72df3dda7a35e0b4dd14888dc9e6eaf0d23132ce94,Cummings Group,grocery_net,-82.854354,42.085833
29184446b05b086a6ec87e630ec16f8f386d80d53d73be3d9f31dbaf22926b91,"Johnson, Runolfsdottir and Mayer",misc_net,-75.253964,38.729321999999996
b839bff632b3fc06bf3b88b8eebf8660b94bdbd6e4c21da1f7f58b86dbeffc9c,Pfeffer and Sons,shopping_pos,-91.166837,30.477743
a91d15352303bc05225dd648c52acbda7e02e952750ce3d7752ca65460aee219,Bauch-Blanda,entertainment,-112.62504299999999,34.523171000000005
157218f82905ff779b2b96a801d11b59886e13ee1899d0ff4480193f09fdf77d,"Heathcote, Yost and Kertzmann",shopping_net,-82.916321,30.142464
cbc942c2be5acb59e983db31ffa1ab31cadc6f5eb57a76eef1833e3804f5fb8d,Fadel-Hilpert,health_fitness,-96.310345,42.374139
881dd28c347350289c0edc1937f890ccaf1a4454531f4963174c2c2115d98301,Eichmann-Kilback,home,-89.693832,33.908128999999995
39d3ebd4d1713e876eb0a153759726702ec64fff7108bfec485e157aca4f68c3,"Okuneva, Schneider and Rau",shopping_pos,-84.106652,43.058164
5c3d8fe4f90d70a720660653288e2b9b2a5a9789cb5d1091864b81129bb12f62,"Pouros, Walker and Spencer",kids_pets,-99.056626,40.508157000000004
4c1f8c7379399947fc408fdf619342a58252d43cd0307ca1bc81d6c32cd88ec7,Jast Ltd,shopping_net,-81.006072,28.146575
38dee808df29e2fabff556c22e6200c3ed8b9493c23b381308ab5803ca0434c2,Ruecker-Mayert,kids_pets,-80.625951,35.083586
a3f7e44c429b38217a126fe4fed2f439e976c66d753e475f6114ef3d0ffd3f67,O'Keefe-Wisoky,food_dining,-93.120189,34.77587
ab198a4156d310ac84a23c51bfd31b15709641fa86413528873f4fbbea6c2189,Medhurst Inc,home,-75.338488,40.895456
94f0f8680b02e9755ac0d9067bffd52d3959ca7d8be97ae9b11cfbd8d2207fdc,Gottlieb-Hansen,personal_care,-94.10011,36.144123
853dda00a4a18d24182e6ead539ee93b02a008fbc118af97dbcabd78379d1eb3,"Kutch, Steuber and Gerhold",food_dining,-73.33669,40.654546
dc8630df323a7734530a968db4808260692053bfd831d24b40700e4efc494d49,Renner Ltd,home,-81.083259,34.662994
9a1a0050a2249f9bab484f41f9228eb4c23e685da7a5628a022698388feeabc3,"Mante, Luettgen and Hackett",health_fitness,-97.868748,32.299324
177256f630da6d5bfe690abe3913a4f0491914546ed4a4ad7b243d3536c88aaf,"Yost, Schamberger and Windler",kids_pets,-81.348673,32.457907
b8cdd395680efb1d961c57629f5396731d4365fa0848c1b78e61a95044c4630f,Ziemann-Waters,health_fitness,-82.747415,38.790592
945c3220a3fe8c5bda0c228f848b2316ce96e7e7ee300771650c310044f2e7c7,"Watsica, Haag and Considine",shopping_pos,-96.404368,48.184529
a6ac055b4d0a50bb62dd4d00963f32c88ae22943571b2ae4ab19be481587be0a,"Walter, Hettinger and Kessler",personal_care,-88.568124,34.241221
adca6f14e0c61b1921be66bbd7e83ef7898d6188bf8fd91379e6292c7ed93001,"Walter, Hettinger and Kessler",personal_care,-82.915253,41.738485
b5128a13dde93ee8b2ebb3a8e0b05c5e59f4dc78254f421ac7a1128ffee1f4b3,Predovic Inc,shopping_net,-77.393923,42.535687
5f2cd626edfddf8417b5cc3e8915d1d2b4745628d298946d621ba6a65ae12d09,"Weber, Thiel and Hammes",kids_pets,-79.783626,37.959472
826e3d551c66593a1b061799726f0504abad1aaf1140090adfd814e3f5643a78,Connelly-Carter,home,-82.98455,28.363775
9b2441ef8f454fd64d7b6c722e75d3fccec37aaa5213123d93e56fa2efe3d798,Goyette-Gerhold,kids_pets,-123.510682,45.513768
475e6b8ed7f8adf54c232abaf62053fbbf6574d49cb9457e256cf9d8117d3055,Nienow PLC,entertainment,-92.949237,37.415939
ff05d4442c4b3ed79ac7c0f075fd74bfe18265c5f83997a6ea0190288682f77f,Hills-Witting,shopping_net,-105.60680900000001,35.863489
d57638f7c23ff74e4d45739feb82f08ab7cd05083213ef3759491828af2f4332,Howe Ltd,misc_pos,-75.572266,38.380924
0c9fe384503add42544b1da9afb88bcd5e6441702c93a2a7d00e415631589ce8,Prohaska-Murray,gas_transport,-117.79828899999998,34.917214
fc15c009d13d1340b7fdeea7f68527dcc254de493e2a153609201d969dfd6b9e,Kihn-Fritsch,food_dining,-103.280619,29.902355
1e79a67cc402e0f3f95392dbcabaced195eee6fa0451aa12bc3e21cff83b1f1d,"Hintz, Bauch and Smith",health_fitness,-105.56595,39.028845000000004
aafcdfe100fb3f6537fd00e205981c4b7d18b6519ab6742d1c85fa1647524633,Daugherty LLC,kids_pets,-93.727089,34.215868
7abe12f6e2f460006516f3cef30c8aabf31f18a48fbdfa8483ce2046bfdfb97b,Emard Inc,gas_transport,-122.07097900000001,47.989002
c5bebb5b208ff972e666e074a0f4a9d20502614e6562a85bd9f1c12c19756c92,Morissette LLC,entertainment,-94.36268000000001,38.588127
4b3f1a422ad4c676031c15765086107d86b35ae24ae4c3fd1532ed957d969be5,"Schultz, Simonis and Little",grocery_pos,-82.11801899999999,36.89482
2998e99202f6dbd3181e76bdf5c39e74cd5b4b387157ebd8e5cb315613c65c2f,"Koss, Hansen and Lueilwitz",home,-81.59076800000001,26.724666
2cbc79e91e7103ac25bdb7c41d13abdef7f3a2d966187c4f8eabd51a1b779777,"Turcotte, Batz and Buckridge",health_fitness,-94.593232,43.377055
43e1deb1ca5089dde7607e9ab6aa21e88e0031beec92935e19ba43ab9c080251,Botsford PLC,home,-97.213833,43.279945
224b1ca15969dd8051e7e4c29cd8c75ebfd338fa0493aafd6d8f4a848256e46e,Stark-Batz,entertainment,-92.89962299999999,33.951017
4648004eb2984d2534a249bc11d7bea3ffa910d5053bcf7a3a84465fe928b32b,"Hahn, Bahringer and McLaughlin",personal_care,-74.665013,38.310077
0b88343db13e6cdd619e8cd374a56c318ad82f459de5584311f7ef9f15d4c5f1,Deckow-Dare,food_dining,-105.321954,32.964028000000006
1000d5190e40a33b2270cf9d27ecdcdbb8ea728d05150f160ea3c4c8f50657c8,Abshire PLC,entertainment,-93.008965,30.125475
8d1d3950e4efe8ea9a64f13a9604231f80ac528416cd7e672483eadcb8d8285f,"Schuppe, Nolan and Hoeger",shopping_pos,-79.93663199999999,36.874665
1242813e0fe875add1bd29fffc8fbe33305a72e1bd0d9949711f6e81e93ade68,Padberg-Rogahn,entertainment,-118.77953400000001,45.184296999999994
919050a7e2353e8ca49e48c1f76afad0772f86a746c16f7cfa477dcb5da74ddf,Kihn-Schuster,food_dining,-76.292905,39.317622
9fc72c3afd2e17e2d1e68592a2c90ae935a06714a5cdba3f2a6a5a0b56411686,Kautzer and Sons,personal_care,-76.110345,44.075818
3f61433c3887843676fb5829e5c915533f782cdb72058c9856e382bd2f59329d,Hermann and Sons,shopping_pos,-79.60167,32.822961
fb7b0c124b698f356fb3733e92a510d8b84b321f090fdc951dbdca8656b29337,"Graham, Hegmann and Hammes",food_dining,-111.704371,44.908141
97b02d7bdc37facfa6c76d14018267b981d5aea2168e0590a295fefef98ad25e,Schoen-Quigley,kids_pets,-96.26141700000001,42.611373
9178b3714ff83ac34c6735a51ad2c9f30561dc2a47662e1e17a03e0d9a0c5cd9,Terry Ltd,home,-82.75611500000001,28.554603000000004
d647895809118db318a89d38207db634dd2ec7d48c6569708fe4d1ac93978ad4,Little-Gleichner,travel,-96.994764,32.389161
d8b1a208707fba1f010f0d565190500f68b6b6f224b31ac894aedac2689830af,Beier LLC,entertainment,-97.907989,44.376940000000005
e790595acc78283ac986febee08c90222d1c3badaf2dbc9185ad681091d0b22a,"Cormier, Stracke and Thiel",entertainment,-109.921365,41.983065
614f3065d64284a8f8774908565158d10dbf8a5d5aa5e1b1dbf6a562a862c0a9,"Yost, Schamberger and Windler",kids_pets,-79.847831,40.600949
5b27d4497c6b6dd526aa0faef99b19b8c05a4e1db8d45aebe1a068e266be877b,"Greenfelder, Bartoletti and Davis",misc_net,-89.037819,42.635409
9255b22031628207c3bb22cf57a8a0d16ea60a7b0afe7685a100606b8b77ffb3,Monahan-Morar,personal_care,-81.696043,41.369253
f0fe0d4ad2c3c2b670281f18428fed68440f5faf6186c85be492d7fc71506081,Huels-Hahn,gas_transport,-74.796289,42.259053
b89c305ce394644a2b4ec91e4fb78bb0348e20e10bd601c20c9546f2d42d3567,Abshire PLC,entertainment,-93.291055,41.509349
4ee864d912afacd33e3ee7bc6f80fdaea3cf4027060b7ed1adf64d75c02a3986,Grimes LLC,entertainment,-98.080251,35.036947
3a0439ddb58d1a8e83083ecbf219fbf0425691ecce7dc34aaa3957d4db8c3c54,"Turcotte, Batz and Buckridge",health_fitness,-82.61206700000001,36.352098
02397f6518bf36af9f7483aae175367587af74a8e5e2611e85864acddd7c05f2,"Langworth, Boehm and Gulgowski",shopping_net,-98.706187,39.53607
f196060d87c71f76047cbb2b024ca28aca8356974721082e9f2b30023029bee4,"Bins, Balistreri and Beatty",shopping_pos,-75.0871,40.661551
c2f21725eb953855e8661064ee7938ad904c8e14eff3f9f49a1bafa1b358ef81,"Zieme, Bode and Dooley",gas_transport,-80.778276,40.706325
0dd4a8b6159d9cb99e798978952c64bcab9f495c1a110594a3c29570319f2a51,Douglas-White,entertainment,-116.450577,32.97625
e93e384a1a86a70b0ac968fbd2034b5257242bf0ddf3f177afd309448d5925e2,"Cormier, Stracke and Thiel",entertainment,-121.002343,36.337740000000004
8d93e33a7fb33bc22cba58ea010ceb9a9cebe0ad8346f7cbd2b038b8f2830425,"Reichert, Rowe and Mraz",shopping_net,-75.115476,44.731871000000005
fe2b68a54738bc3c078ba0d415fd5dda7a8555fe0798ab833c08516727624636,Kunze Inc,grocery_pos,-84.220024,40.120459999999994
e37d28a879d2512bf0008197430e0ae42685e4375aef601c0242b44f6b7820bc,Dooley-Thompson,misc_net,-81.352231,34.713353999999995
a03231744d084e92bf7d9df05c3f3dcce058755ecbf0276d1233a7fc48cfe283,Champlin-Casper,home,-77.667004,36.32163
9df9989d7783661c448f592089c9fb11ae17db4e65f057564e17c46694ea41a9,White and Sons,home,-88.782785,42.402919
c0bd97cf0dacb0058fd88090b5d424e60aa56dc7ab0caaf7d49510badfb684bc,Bernier and Sons,kids_pets,-94.312975,30.777181
e331e4da102dc083e4b3eccbd53f499ea31e896540dd6a6d0167f4f35238e929,Kessler Inc,travel,-69.822122,44.852841999999995
63cbbee2fc810f0ae370a9b2c81b4455801f32bb8c650ec291493725990712b8,Abbott-Steuber,personal_care,-93.828214,32.645423
697d74e05865b9a29e5add9a28072060348d85b8559cdf1d93bdd31d447dbeca,"Metz, Russel and Metz",kids_pets,-122.089726,44.84209
0e3c73c40ea320c5b08fa2f4641e768055a66d1b334b1e2bee8030ad10cfc89b,Corwin-Collins,gas_transport,-83.545327,41.558926
528cf98036cf67968d9205d5a4f4527ca87732a2713b2d4b769d7d39af2a4050,Wilkinson Ltd,entertainment,-88.56847900000001,41.677846
788fa2e39c4ce49cc128d57ff19986c80bc90ece2fdc8dc66b590fd7612d92be,Schoen Ltd,kids_pets,-83.5618,30.274464000000002
9d3471a617cc3ae489cdf4ad220ce922d3f1d453b367e7deabf9dc6610fc89e1,Mohr-Bayer,shopping_net,-80.382986,36.890125
6790dc7bb9f2eaa629bee2e6b75bbfa237a752e3d4a9cc09714d39559f7878a0,"Runte, Green and Emard",health_fitness,-79.746431,40.589422
c9849d17a50901731a86c02c51885e20b444cf22ee5b25a5cd8a31ca66764a2c,"Romaguera, Wehner and Tromp",kids_pets,-88.224064,32.327141
be961175ab9993fa45a7949673ccc73cfec319f2a64f5a0119ba2479da54d8af,Roberts-Beahan,misc_pos,-155.739146,20.515285000000002
0938778a6795d83447abee351ee0a2454ed0ed0d128639477b3e96f702cca775,Osinski Inc,personal_care,-88.731288,40.468967
57ff54397434c26f9658ef3c59f5bd9249d2eec1bfed7aa99e45fdf6adaa6a7a,Maggio-Fahey,misc_pos,-82.535786,43.102853
b40a6b6356c49fbcfca4de379d224226f2ad4c00dac95145290dfbcc1ea4cd7d,"Schroeder, Wolff and Hermiston",travel,-80.10258499999999,32.081388000000004
b02a49b84f3214ccb281560615a08214acd5fdc23c5828d0677b321a4e7b84d2,"Schoen, Kuphal and Nitzsche",grocery_pos,-79.871051,39.146746
87d756484e27503becd88be5240c64975d3e1253f28d342fe6ac87e256d3de53,Kling-Ernser,entertainment,-78.131258,41.116755
06d933607d29dfa0bc19ddf7ca64a87daa0eeb6f4ece7f5bc35068d3007a6868,"Kutch, Hermiston and Farrell",gas_transport,-77.388824,38.581329
bd05f9be7c191f3f81e3401c52a0567004049385854e2e226b5ef24a4d238fec,"Reichert, Huels and Hoppe",shopping_net,-91.423312,37.378884
378df7da0684e6de2e8e04fedb53d3e484fb330f37b2a94999edca71b5df45e3,Hills-Witting,shopping_net,-80.59285899999999,38.177803999999995
6c3fc4ae650174ed4defdc1e17a7fd0f4606996b6e25df59f3778e5cfd1cb824,Torphy-Kertzmann,health_fitness,-99.595348,35.77365
b0926eff3f69c276ee5992768007fb67298431bb2e1684c0e83e6f14f0ec2920,Kautzer and Sons,personal_care,-115.75285600000001,33.534422
4f56945bf6cc34c82cb1f046cf1e35b9f95caa78c07eab5a88d035dbbe7c720e,"Olson, Becker and Koch",gas_transport,-75.250159,39.96065
bd704b0de6b6c602c0b54f9d3011aee53bdd5de9c20d0d2debb59f9e957364d0,Runte-Mohr,food_dining,-98.98861600000001,31.549076
37269372a33a581a582932df09213291d2991e5705c76dbdff3988c89ebe41b5,"Pouros, Walker and Spencer",kids_pets,-98.90393,33.313373999999996
f7b5c5b7489ca3179a3171020ac6285aafd4a2a5980a272b1f48f33172f82f9b,Cartwright PLC,kids_pets,-93.767361,39.078013
09c74def3ba6ba378f4fc55345e0e8a38cf0d12d92780734d6a1f7b66314af30,Johns Inc,entertainment,-82.275657,33.926347
36a5814fedc8a8bc2b31cb89ecb79db9e986c70d7f6fa85f1ce51ecfa122431c,"Schaefer, Fay and Hilll",entertainment,-78.39218699999999,38.714695
7348940e4fb71db49c218322ec0db3559b9eeebde85be4e27a6b69f84bb6bf58,"Swaniawski, Nitzsche and Welch",health_fitness,-87.08646800000001,45.105736
0ed2f76c5843befe355dd9cce5419e64ab7aa856043fd423b5f89ae27d434ac0,Hermann and Sons,shopping_pos,-97.087965,42.117141
21ca254343df304271c86c16ea0d67542b81619a85995578a8649a0600bfef53,Bins-Howell,personal_care,-93.730946,39.330067
25009d819a325194b5289d7ebad8daf891df531719fc147b2de78fe589ee8221,"Hahn, Douglas and Schowalter",travel,-97.239222,32.282301000000004
4f9c7103e4387e706038c75ea73f80b2d5c3db47cf584bb115469e1dffe0f124,Zulauf LLC,personal_care,-81.729029,25.478181
2e0592998bb79bea0ba5fa59c743a8e40a8f09582249270d1bba51c4025d8751,"Reinger, Weissnat and Strosin",food_dining,-69.402829,43.763332
b662f96cc7f508d23945dd2f95aa6335fc71a0e8921ceb907b7bb8d5a9b15134,Ernser-Lynch,food_dining,-81.38819699999999,37.309526
fc034f290823d6e8692c54716efa9173430f1feca110750392b40144d7fe3cbe,Dickinson Ltd,misc_pos,-90.458775,30.804016999999998
671c58c91a30259350386d6e91a97c7200460eeb05a3d77fc3c8d29d5cd448dd,Medhurst Inc,home,-78.652824,37.334748
48a4df7237d1220ce5385f097f0690ba36a705c9976cf6e2e3764cc54ebdea1f,Kerluke PLC,misc_net,-89.836153,40.402415999999995
7b27e0b3d1921b31f5b5ee729f2869cfee834112ce6c3763adaab0f2b5a07997,"Schiller, Blanda and Johnson",home,-74.126579,41.66407
121e50f8474fe8af1d5a2f5de71fee8873fe1eb06112ab98830167b4d844aed9,"Haley, Jewess and Bechtelar",shopping_pos,-83.95654499999999,38.440345
7b7609179970a5b2b8e1971817b5b777da44498db4df86bbde5d1369a43f7347,Bode-Rempel,kids_pets,-86.109286,35.774279
a0565b1a016d1ac8fdb475c0d15de2047eb0800c047ff3ad81447b7cbf92ef0f,Hirthe-Beier,health_fitness,-82.798472,42.618509
f1acc6352e82e3da54b5132f98e35d27170a2af329fcf87a6604677b39d193ed,"Windler, Goodwin and Kovacek",home,-74.677092,40.64983
46b29aa1b020ca98eed0abb5bec6d7df5d66ed1cc0788c64836166105e1f8745,Dickinson-Rempel,misc_pos,-85.972753,38.880289000000005
ea46550117c668ac241221e522fb6e7f9f79750bfcc9e8b347e6e963cf70eabb,"Runte, Green and Emard",health_fitness,-83.571125,28.645902000000003
410c62d7b5cdfeab190b62c06cabc9a535667c6485dfcd288292841b444e8dad,Hickle Group,shopping_pos,-95.471502,38.949619
a2d5eaee2b8d81ea56d6714d325520a2c1f20e8a68e9429a25aed21d8d5d4ca6,Kutch-Ferry,home,-88.063395,33.667667
736f2cb660dc23b8c3a4ada75d8b403f12132930683cc79328ffd12fce167f02,"Weimann, Kuhic and Beahan",shopping_pos,-88.819502,43.008871
2333b902379b62a3b2eba6daec1639d9b79a5c1488312ef34aa275013502c1a4,"Weimann, Kuhic and Beahan",shopping_pos,-80.383052,39.274013000000004
f1d1fa40918c30324b84cb38e9c8cfcd894d2dfb8f9e3abd0abbd3d4994e561d,Dicki Ltd,grocery_net,-101.14538399999999,37.359103999999995
fd7fc32fee72f727d26e458fc5335ebb75a28b95981e891edb4fd6289a010aed,"Jenkins, Hauck and Friesen",gas_transport,-91.0722,36.45081
e64fb019c2dec1b82adc1c0d0ddf6e6470bb66f2215ed4551904020ff00c6849,"Boehm, Block and Jakubowski",misc_pos,-70.333731,43.355724
b8d1b8f831713dda5c723fae59b2cd58ae1e610b8f6e8dbea1b64d6d0efa036e,"Daugherty, Pouros and Beahan",shopping_pos,-83.556775,42.668510999999995
9e1fd289a04428856ce39f5328e8b1106cb60fbd2ecfdb6941bb3f30444e1df0,Schuppe-Schuppe,food_dining,-113.371163,34.88857
1ad1f60d08b6723def1c8c383ee114ef17af40af60f009fb33019f5b2043abaa,Hills-Boyer,personal_care,-74.597258,40.159062
8facb441d85a7e5292cd589454efd9d1ca02a16e35f23037c05c079a65f4552b,Hilpert-Conroy,kids_pets,-92.209069,40.858986
8ece6caac3ca43f9cf9d6ce63eecf6df634184dda534a230d9d980585b8d04e6,Wisozk and Sons,misc_pos,-111.108921,45.996544
d72b2cbb7ac67343fe29e0cac2b3ce1131931fc0c73f87f42cd00a19b165c4b1,Bins-Tillman,entertainment,-118.929521,34.853671999999996
1d5962b10486c8ddde282077ea48f68d871568e4ba195fb118745a03fc3e4157,Kirlin and Sons,personal_care,-109.86728500000001,41.533669
a6b84cd52fe3f9cad6c4554a8383294760a51118ff223919ca83cb9e9f6eab22,Windler LLC,kids_pets,-79.02651999999999,36.180743
010c8874ff02bd7e2a8e076d65a38c4292bbf84c93cbdb071e9b6b53f7505ace,Kub PLC,personal_care,-97.246687,35.097853
4a30b7c7c6251c8a05e8b6f8abb115868a5bbfce3f22ae178a5be462681ab67a,Padberg-Rogahn,entertainment,-87.205471,35.409853999999996
9973761f835279d0483659d258b61eadbf3569c6d47e7e158c26767087b644f5,Corwin-Romaguera,travel,-71.97857900000001,44.603235999999995
7d796d94a9fecf43ec4683c3fb7bcd1a89988da3efba2d78c7ceac3e57d9db22,Abbott-Steuber,personal_care,-77.743481,41.743944
2ad8309d1b2661aa04ca499fa74c33b258bf408c9cce7cdde83be0a0ea9e91dd,"Effertz, Welch and Schowalter",entertainment,-76.169227,40.949038
53810df7f1a87083565f3fd0a33c7c959f07cd9872fb1200408aa699c20382b2,Dickinson-Rempel,misc_pos,-74.369371,40.151565000000005
5125606ff49ac3010e9040bffefc08d7b572743e40357488f1a8f4bc8c9103ea,"Osinski, Ledner and Leuschke",grocery_pos,-121.86586399999999,38.193371
64535bb28647bd95ef86e62d12a206a46f563f0c29bfbe674aae7f87b3cc2eb3,"Roberts, Ryan and Smith",personal_care,-91.268271,36.081657
9db6f98072a6e9537292603bcaaadaf638269d203b8b3d3d827a664eab659685,Berge-Hills,kids_pets,-99.225024,40.328007
0f03383ef25e6083b4cb3315848a4530123419de252bb37467a70e0545e4fdda,"Turner, Ziemann and Lehner",food_dining,-95.589262,41.760866
7dddce221b60f7d5a82d1ebee86c2b03029d3ab4b261ed2c33871cc45bcee3f9,"Hahn, Bahringer and McLaughlin",personal_care,-81.663208,40.61387
1e7a60c393c5e8fadaf3cc24a36a9b48245455579044648270972faa22ceabce,Labadie LLC,personal_care,-92.02464300000001,45.544686999999996
2c58085b285c4cae8b472022895896a88480808342719eafa9958e75b7e56ce1,Hickle Group,shopping_pos,-120.295377,39.101732
d72df7ff2b5d8c5d08c2dc47695ddab95e6ca2b364dc358fa44203b6658727fd,Bins-Howell,personal_care,-86.776543,41.188091
a209bc6fc53cbaaa292cad7c40987cba2666acabf512d229179f9fbbe09d5192,Rippin-VonRueden,health_fitness,-76.128988,38.693354
f851e47614d95e6167eecd1a9fb79848efdf10f749f6ed5820ff308f4f4904ba,"Moore, Dibbert and Koepp",misc_net,-110.44749499999999,38.543764
ab32781f97b7afe4c95ea4a7265a8b8e3643f5449a9bf3c15ac8495da25f0267,"Boehm, Block and Jakubowski",misc_pos,-98.195378,30.340716999999998
5c57b56a6cbcd1231aee7b0d03887d65b7d1954cd9c5770613edac812ddca56f,McCullough LLC,misc_pos,-78.18020600000001,38.041736
4059a94ee1bb78253e9a02e6f39b877e6153099b3deb40e2836807aecf26f851,Beier-Hyatt,shopping_pos,-82.321074,38.628875
191e78104de0986b6cfa6d0a91a149e2354be99e6f216b0e4c6f99ffedcbb344,"Hoppe, Harris and Bednar",entertainment,-98.663291,34.967822
9c9bd499e297b43722b913cbb01e25c9edc3357cd126605e8e56d19bb6205097,"Lesch, D'Amore and Brown",food_dining,-90.53456899999999,39.486754
736fee6b81579f9b7a66320adac5d2ca18829845beab95c12d97eba56e474536,"Mosciski, Ziemann and Farrell",shopping_net,-108.187721,43.550545
93b8219488b0d744926954ce873a3db34cedc15e7245b944d11e20d96637b19a,"Hartmann, Rowe and Hermann",travel,-79.066949,38.06693
70676a319068712a345eb85774c9a2f640acae6a638a4e5d2ee34a4e00430c0e,Graham and Sons,health_fitness,-89.047174,39.808212
c97ec15bc519b68adcccae4287515cfef497ca5d94538fd02ad64bea0fa16a0c,"Kling, Howe and Schneider",home,-99.196062,34.922625
685a171c28b5d60fe9546ee5a22bb0230c6ba2bcb320798db0ba5666833c4e7b,Schmeler Inc,misc_pos,-91.246788,34.63487
1fa8c4c73697b85f8ab26e509959780ec9e3e1db186bfe754c0db40850b3ff45,Kutch-Ferry,home,-69.352277,43.308384000000004
3481ee69010dc860569a5e891e6da85742f627c6188dd29cb72cd00668f18554,Ankunding-Carroll,travel,-72.487755,43.087596999999995
8d6479fb407be683730a9309c7698fe08d0e8cef8b0600ce95342229b4ac818d,"Medhurst, Labadie and Gottlieb",travel,-90.727703,45.89317
80c43ff8897a836dd44bee168dd5c92145eff112f6351b1a830a4b00f8e3b609,"Hartmann, Rowe and Hermann",travel,-73.77305,42.544016
249d144c82593b80ba9ff900f41ae89c21ac8ef746a536d2900a7d083aa5ce14,Waelchi Inc,kids_pets,-95.245269,39.967263
b46d0a366a7492a20f51e6e8ec32b253927bf542a1e57a1cd56b60952d885c35,Schmidt-Larkin,home,-122.656847,43.656137
0037d7082cce0f126ccf81d20e3f1c72cb0e1cbfd4c4036ef2947bed715fcb70,Beer-Jast,kids_pets,-103.891136,44.634209000000006
7bbc1347d82a0fc56f8e1c86d3338c0531c35cc7fcdf02415e1b741afd58c1d5,Schulist Ltd,food_dining,-81.70465300000001,35.383983
922259a066f37dc83a627e9ed9a8419d114bb5ef7512662cbcb4abe4ef098e51,Denesik and Sons,shopping_pos,-81.034775,41.826473
9f99dcd317ba920824a2d00ca03f5998e037252d836a303387d3aa93cbf99eeb,Botsford and Sons,home,-81.800523,35.270507
1bfee6be2a412fd1e32425779ee1e08ab0d9534847e18073a571f66c24457ce9,McKenzie-Huels,food_dining,-73.89787199999999,40.867327
53dfa4a9dba271c8ae349e8e2ef37857068275a496e9e71cbe68d406ab9634d7,Jacobi Inc,health_fitness,-93.704829,33.219307
408e6e7d84d22d957ad03153f4474b443a70e22b921a9f411793702efe0adac8,"Schumm, McLaughlin and Carter",food_dining,-79.96070999999999,40.536916999999995
31e8ca7bc5e3bbe2788b3a6c31f5c0d7d0b8fce3938a83e1b5b27269b50a2a80,Buckridge PLC,misc_pos,-98.522729,26.523460999999998
c839382844095e724a6f2dff7abb3cca799f0af5fde2ad138d685caa2acf3810,Kutch-Ferry,home,-80.713068,24.597147
3122949bdaaac54c5376df2c7ce2d9bb8533c04156678636dfa1bcfb58c3a6ce,Berge-Hills,kids_pets,-76.215039,40.266836
7d5406d3c9225df9d2f516f625e65f8f2f19d123ef59ba26c2d1ebb98b1f2999,"McCullough, Hudson and Schuster",food_dining,-117.47604299999999,34.849598
e0cb568b45e8b9854bd296bc7cc71e205c6e1a6bfbe1ec8ccd78337237e72359,"Hagenes, Kohler and Hoppe",food_dining,-73.768721,41.398262
d756cfb64b89521c2fdce3ee5a02139a00e6a06f71a5d57f75643edfc31b567b,Schulist Ltd,food_dining,-105.352023,39.298761999999996
4edc4dd3ad96960da1d1ba1eb44a6e2198d0053009c9771156c807533b1775c9,Rau-Grant,kids_pets,-123.14211399999999,38.010877
202a298f698d8987ffa005cf393873b723e8d38e45d05e0a4190d1c9bd11e8c9,Grimes LLC,entertainment,-93.011397,39.101445
ea2de8a402944c2ec16ec81247f0a7902d54623d4e0d3d88f85aa9afc23f1d5e,"Hettinger, McCullough and Fay",home,-96.389033,31.87903
6c785b69a65cef5e64fb6d945511adae764e33c832ca3d2ce05005651bcdeba5,Kutch-Ferry,home,-86.82675,41.266062
3c2438ea6453a01c22bd368d0b8450cc46c78333cfc72370fe418f03316358fd,Botsford Ltd,shopping_pos,-70.062085,43.62254
d1534e400765c198b28a3fb6db56824e5cff17d88e5aa36da5b093dc3a4bb8f3,Lubowitz-Walter,kids_pets,-73.030354,42.580186
ef825bac3b23127b7f1020b0785cfba06213a6a57ab508115a965675f71e580b,"Runolfsdottir, Mueller and Hand",entertainment,-89.68803299999999,33.461896
5aec5535c78b2fb2fd2182648d28fab2c68e55a8727fc117685b355ff89693d9,"O'Connell, Botsford and Hand",home,-80.895816,35.773439
6d09a0663deba02fc259ac7e0b0b37591cf2d5cc573bfe9a0866ec995c81a475,Denesik and Sons,shopping_pos,-89.55990600000001,38.617086
288eed208d21481fbe27570b49039b7a15423b1f05ade9eab4b27246baedfee9,Pacocha-O'Reilly,grocery_pos,-98.53890600000001,31.044946999999997
f6a1a9177d17027d437c0281779c9acfacde0c44d8fa1e45378645dfd546d6c6,"Bahringer, Osinski and Block",food_dining,-102.539073,35.053102
21fb74262cf2dd74320dba68bca4aaa050109acdc8f5e9fab917a4b04fb39a28,Cartwright PLC,kids_pets,-102.081699,47.938229
1ecf8d0e78e513008d3e021846eac581fb8c0acb750fa7920b6a6b907d0ca08d,"Mante, Luettgen and Hackett",health_fitness,-79.80893499999999,41.183009999999996
298fd38ebd95ff13f6d52aa7375c8d1e5b5a5694e7cb97c5f974bf85d71a2687,Weimann-Lockman,kids_pets,-77.84758000000001,40.121986
0bbefae66db9b6c137845ad5f2c9aba7a570aafa469753243867a99b4395db7e,"Parisian, Schiller and Altenwerth",misc_net,-98.433226,40.765904
931cf17a6cf47714b09243889bfffbda455c39830acea268b1cb6ae6eef8355c,"Klocko, Runolfsdottir and Breitenberg",health_fitness,-92.711158,35.262174
5021563715ad8b18b0a2df29b88c9b6e87da7014b3e3ad651b3c6c3e2dd7a95d,Pollich LLC,home,-83.701176,39.257495
d1fa700b8311c49cf2df127061599eb24c984f9054925964bd81280c3b632402,"Hagenes, Kohler and Hoppe",food_dining,-86.777024,45.241801
40b5931317760eeaee33d3292d7b2cc01e5447d9658f4ba5e7ebdedc102d44fe,Cormier LLC,health_fitness,-72.806524,41.538688
9db1ebcadfa787a966c327499ad5505b95b5f99396456cb11e44b9fa0c0e240a,Dickinson Ltd,misc_pos,-80.325197,36.699731
b1eb3979d0294c407aabefa544e042a72eb07d3b964a0fbc08ba876c7b2f01c3,"Hahn, Douglas and Schowalter",travel,-75.571331,39.306176
e8dc6e1436ca72cd9163d300822a3932597a002ed408bba0a82cee18d0488b1a,"Douglas, DuBuque and McKenzie",travel,-82.569959,32.398773999999996
e4f7a98175a68c98534265aad9c37d6b2ffb8cb8a7aa7ecac2491dfcde4384f5,Kutch-Wilderman,home,-89.539099,39.583059000000006
1b27c6964812b4a1b1b42db8083f4a16a9c5bed1d59c1c8afe56926f74bd2307,Heidenreich PLC,grocery_pos,-82.040297,35.98018
